id,TMT,Generic,name,strength,Package,manufacturer
1,340675,Griseofulvin,GRISEO - MED,500 mg.,เม็ด,ยูโทเปี้ยน
2,340675,Griseofulvin,GRISEO - MED,500 mg.,เม็ด,ยูโทเปี้ยน
3,663548,HUMULIN70:30,INSUGEN-30/70(BIPHASIC),.,.,BIOCON LIMITED
4,663548,HUMULIN70:30,INSUGEN-30/70(BIPHASIC),.,.,BIOCON LIMITED
5,967735,insulin human + isophane insulin,WINSULIN-30/70,30 iu/1 mL + 70 iu/1 mL,10 mL vial,"WOCKHARDT, INDIA"
6,377557,Ergotamine,MIGANA TABLET,1 mg.,เม็ด,ที.แมน. ฟาร์มา
7,377557,Ergotamine,MIGANA TABLET,1 mg.,เม็ด,ที.แมน. ฟาร์มา
8,118621,Diclofenac,VOLTANAC TABLETS,25 mg.,.,อินแพคฟาร์มา
9,118621,Diclofenac,VOLTANAC TABLETS,25 mg.,.,อินแพคฟาร์มา
10,314210,Dimenhydrinate,DIMENHYDRINATE TABLETS 50 mg 100s,50 mg.,เม็ด,เอช.เค. ฟาร์มาซูติคอล
11,314210,Dimenhydrinate,DIMENHYDRINATE TABLETS 50 mg 100s,50 mg.,เม็ด,เอช.เค. ฟาร์มาซูติคอล
12,112032,Enalapril,ANAPRIL 20,20 mg.,เม็ด,เบอร์ลินฟาร์มาซูติคอลอินดัสตรี้
13,112032,Enalapril,ANAPRIL 20,20 mg.,เม็ด,เบอร์ลินฟาร์มาซูติคอลอินดัสตรี้
14,279310,COLCHICINE0.6MG,CHICINE,0.6 mg.,.,นิวไลฟ์ฟาร์ม่า
15,279310,COLCHICINE0.6MG,CHICINE,0.6 mg.,.,นิวไลฟ์ฟาร์ม่า
16,460086,colchicine,TOLCHICINE,600 mcg,1 tablet,ที.โอ. เคมีคอลส์
17,789982,SODIUMBICARB.300MG,SODAMINT TABLETS,.,.,แหลมทองการแพทย์
18,789982,SODIUMBICARB.300MG,SODAMINT TABLETS,.,.,แหลมทองการแพทย์
19,736983,CHLOROQUIN,CHLOROQUINE PHOSPHATE TABLETS 250 mg 1000s,250 mg.,เม็ด,องค์การเภสัชกรรม
20,736983,CHLOROQUIN,CHLOROQUINE PHOSPHATE TABLETS 250 mg 1000s,250 mg.,เม็ด,องค์การเภสัชกรรม
21,529331,CHLORAMPHENICOLEARDROP1%,ANTIBI-OTIC EAR DROPS,0.01,.,แสงไทยกำปะนี
22,529331,CHLORAMPHENICOLEARDROP1%,ANTIBI-OTIC EAR DROPS,0.01,.,แสงไทยกำปะนี
23,761594,oliveoli,OLIVE OIL,.,.,ชุมชนเภสัชกรรม
24,761594,oliveoli,OLIVE OIL,.,.,ชุมชนเภสัชกรรม
25,761594,OLIVEOIL3158.,OLIVE OIL,.,.,ชุมชนเภสัชกรรม
26,761594,OLIVEOIL3158.,OLIVE OIL,.,.,ชุมชนเภสัชกรรม
27,668707,BCGVACCINEINJ3183.,BCG VACCINE (FREEZE-DRIED),. u.,.,SERUM INSTITUTE OF INDIA LTD.
28,668707,BCGVACCINEINJ3183.,BCG VACCINE (FREEZE-DRIED),. u.,.,SERUM INSTITUTE OF INDIA LTD.
29,264414,BISACODYL,BISACODYL TABLETS 5 mg 1000s,5 mg.,.,องค์การเภสัชกรรม
30,264414,BISACODYL,BISACODYL TABLETS 5 mg 1000s,5 mg.,.,องค์การเภสัชกรรม
31,797993,HYOSCINE,BACOTAN,10 mg.,.,ที.แมน. ฟาร์มา
32,797993,HYOSCINE,BACOTAN,10 mg.,.,ที.แมน. ฟาร์มา
33,335437,Glibenclamide,GLIBENCLAMIDE TABLETS 5 mg 50x10s,5 mg.,เม็ด,องค์การเภสัชกรรม
34,335437,Glibenclamide,GLIBENCLAMIDE TABLETS 5 mg 50x10s,5 mg.,เม็ด,องค์การเภสัชกรรม
35,689147,Levothyroxine,PONDTROXIN,mg.,เม็ด,เภสัชกรรมศรีประสิทธิ์
36,689147,Levothyroxine,PONDTROXIN,mg.,เม็ด,เภสัชกรรมศรีประสิทธิ์
37,374764,Metformin,METFORMIN HYDROCHLORIDE TABLETS 500 MG,mg.,เม็ด,องค์การเภสัชกรรม
38,374764,Metformin,METFORMIN HYDROCHLORIDE TABLETS 500 MG,mg.,เม็ด,องค์การเภสัชกรรม
39,768167,MULTIVITAMINtab.,MULTIVITAMIN TABLETS 100s,.,.,องค์การเภสัชกรรม
40,768167,MULTIVITAMINtab.,MULTIVITAMIN TABLETS 100s,.,.,องค์การเภสัชกรรม
41,478624,Theophylline,XANTHIUM 200,200 mg.,เม็ด,S.M.B. TECHNOLOGY
42,478624,Theophylline,XANTHIUM 200,200 mg.,เม็ด,S.M.B. TECHNOLOGY
43,339595,Glipizide,GPZIDE,5 mg.,เม็ด,มิลลิเมด
44,339595,Glipizide,GPZIDE,5 mg.,เม็ด,มิลลิเมด
45,338139,glipizide,GLYCEDIAB 5,5 mg,เม็ด,ชุมชนเภสัชกรรม
46,714896,ยาอมมะแว้ง3203.,ยาอมมะแว้ง รสดั้งเดิม,.,ซอง,ผลิตภัณฑ์สมุนไพรไทย
47,714896,ยาอมมะแว้ง3203.,ยาอมมะแว้ง รสดั้งเดิม,.,ซอง,ผลิตภัณฑ์สมุนไพรไทย
48,790677,0.1%TAORALPAST1GM,TRINOLONE CREAM,.,.,นิด้า ฟาร์มา
49,790677,0.1%TAORALPAST1GM,TRINOLONE CREAM,.,.,นิด้า ฟาร์มา
50,731202,sodium chloride,SODIUM CHLORIDE 0.45 %,450 mg/100 mL,1 L bottle,เยเนอรัล ฮอสปิตัล โปรดัคส์ (มหาชน)
51,501539,CALAMINE,H.L.P. CALAMINE LOTION,.,.,ยูเมด้า
52,501539,CALAMINE,H.L.P. CALAMINE LOTION,.,.,ยูเมด้า
53,491292,calamine + zinc oxide,CALAMINE,15 g/100 mL + 5 g/100 mL,60 mL bottle,องค์การเภสัชกรรม
54,673014,HEPATITISVACCINEINJ,SHANVAC -B,.,.,SHANTHA BIOTECHNICS LIMITED
55,673014,HEPATITISVACCINEINJ,SHANVAC -B,.,.,SHANTHA BIOTECHNICS LIMITED
56,636893,CO-TRIMOXAZOLE SUSPENSION 60 ml,CO-TRIMOXAZOLE SUSPENSION 60 ml,mg./ml.,.,องค์การเภสัชกรรม
57,636893,CO-TRIMOXAZOLE SUSPENSION 60 ml,CO-TRIMOXAZOLE SUSPENSION 60 ml,mg./ml.,.,องค์การเภสัชกรรม
58,761157,Haloperidol,HALOPERIDOL TABLETS 5 mg 1000s,5 mg.,เม็ด,องค์การเภสัชกรรม
59,761157,Haloperidol,HALOPERIDOL TABLETS 5 mg 1000s,5 mg.,เม็ด,องค์การเภสัชกรรม
60,768581,PREDNISOLONE5MG,PREDNISOLONE TABLETS 5 mg 500s,.,.,องค์การเภสัชกรรม
61,768581,PREDNISOLONE5MG,PREDNISOLONE TABLETS 5 mg 500s,.,.,องค์การเภสัชกรรม
62,761064,dextran + sodium chloride,DEXTRAN 40,10 g/100 mL + 900 mg/100 mL,500 mL bottle,ไทยโอซูก้า
63,770205,BENZYLBENZOATEEMULSION1151.,SCABICIDE EMULSION 25%w/v 450 ml (ยารักษาหิดเหา),.,.,องค์การเภสัชกรรม
64,770205,BENZYLBENZOATEEMULSION1151.,SCABICIDE EMULSION 25%w/v 450 ml (ยารักษาหิดเหา),.,.,องค์การเภสัชกรรม
65,532586,BROWNMIXT,ยาแก้ไอน้ำดำ 60 มล.(BROWN MIXTURE),.,.,องค์การเภสัชกรรม
66,532586,BROWNMIXT,ยาแก้ไอน้ำดำ 60 มล.(BROWN MIXTURE),.,.,องค์การเภสัชกรรม
67,273636,CARBAMAZEPINE,CARZEPINE,200 mg.,.,ฟาร์มาสันต์แล็บบอราตอรี่ส์
68,273636,CARBAMAZEPINE,CARZEPINE,200 mg.,.,ฟาร์มาสันต์แล็บบอราตอรี่ส์
69,532540,CARMINATIVEMIXT,MIXT. CARMINATIVE 180 ml,.,.,องค์การเภสัชกรรม
70,532540,CARMINATIVEMIXT,MIXT. CARMINATIVE 180 ml,.,.,องค์การเภสัชกรรม
71,601181,CEPHALEXIN,CEFEXIN DRY SYRUP,125 mg/5ml,.,ยูโทเปี้ยน
72,601181,CEPHALEXIN,CEFEXIN DRY SYRUP,125 mg/5ml,.,ยูโทเปี้ยน
73,787876,CHLORAMPHENICOLEYEDROP0.5%1175.,OPSARAM EYE DROPS,5.00E-03,ขวด (5 ml.),ไทย พี.ดี. เคมีคอล
74,787876,CHLORAMPHENICOLEYEDROP0.5%1175.,OPSARAM EYE DROPS,5.00E-03,ขวด (5 ml.),ไทย พี.ดี. เคมีคอล
75,823836,CHLOPHENIRAMINE,CHLORPHEN SYRUP,2 mg/5ml,.,นิวไลฟ์ฟาร์ม่า
76,823836,CHLOPHENIRAMINE,CHLORPHEN SYRUP,2 mg/5ml,.,นิวไลฟ์ฟาร์ม่า
77,783714,chlorphenamine maleate,CHLORPHENIRAMINE MALEATE GPO,2 mg/5 mL,60 mL bottle,องค์การเภสัชกรรม
78,783664,CHLOPHENIRAMINE,CHLORPHENIRAMINE INJECTION 10 mg/ml 1 ml ampule,10 mg/ml,.,องค์การเภสัชกรรม
79,783664,CHLOPHENIRAMINE,CHLORPHENIRAMINE INJECTION 10 mg/ml 1 ml ampule,10 mg/ml,.,องค์การเภสัชกรรม
80,689744,CHLOPHENIRAMINE,CHLORPHENIRAMINE TABLETS 2 mg 200s,mg.,.,องค์การเภสัชกรรม
81,689744,CHLOPHENIRAMINE,CHLORPHENIRAMINE TABLETS 2 mg 200s,mg.,.,องค์การเภสัชกรรม
82,496324,CLOTRIMAZOLE1%CREAM(5GM.),CLOTRIDERM,0.01,.,นิวไลฟ์ฟาร์ม่า
83,496324,CLOTRIMAZOLE1%CREAM(5GM.),CLOTRIDERM,0.01,.,นิวไลฟ์ฟาร์ม่า
84,496266,clotrimazole,CLOMAZOL,1 g/100 g,5 g tube,นิด้า ฟาร์มา
85,332350,CLOTRIMAZOLE100MGVAG,FUNGIDERM CLOTRIMAZOLE 500,100 mg.,.,เกร๊ทเตอร์ฟาร์ม่า
86,332350,CLOTRIMAZOLE100MGVAG,FUNGIDERM CLOTRIMAZOLE 500,100 mg.,.,เกร๊ทเตอร์ฟาร์ม่า
87,554464,CLOXACILLIN1GMINJ1189.,CLOXIN,1 gm,.,โมเดอร์นแมนู
88,554464,CLOXACILLIN1GMINJ1189.,CLOXIN,1 gm,.,โมเดอร์นแมนู
89,607244,CLOXACILLINORALSUSP.,CLOXA OSOTH INTER,125 mg/5ml,.,โอสถอินเตอร์ แลบบอราทอรีส์
90,607244,CLOXACILLINORALSUSP.,CLOXA OSOTH INTER,125 mg/5ml,.,โอสถอินเตอร์ แลบบอราทอรีส์
91,762293,COBRAANTIVENOMINJ,COBRA ANTIVENIN (PURIFIED),.,.,สถานเสาวภา สภากาชาดไทย
92,762293,COBRAANTIVENOMINJ,COBRA ANTIVENIN (PURIFIED),.,.,สถานเสาวภา สภากาชาดไทย
93,296852,BACTRIMTAB,CO-TRIMOXAZOLE TABLETS 50x10s,. mg.,.,องค์การเภสัชกรรม
94,296852,BACTRIMTAB,CO-TRIMOXAZOLE TABLETS 50x10s,. mg.,.,องค์การเภสัชกรรม
95,529440,D-5-S1000ML1201.,NORMALYTE-S (WITH 5% DEXTROSE),.,.,ไทยโอซูก้า
96,529440,D-5-S1000ML1201.,NORMALYTE-S (WITH 5% DEXTROSE),.,.,ไทยโอซูก้า
97,529246,D-5-S/21000ML1202.,DEXTROSE 5 % IN 1/2 STR. SALINE,.,.,ไทยโอซูก้า
98,529246,D-5-S/21000ML1202.,DEXTROSE 5 % IN 1/2 STR. SALINE,.,.,ไทยโอซูก้า
99,559632,D-5-S/3500ML1204.,DEXTROSE 5% IN 1/3 NORMAL SALINE,.,.,ไทยโอซูก้า
100,559632,D-5-S/3500ML1204.,DEXTROSE 5% IN 1/3 NORMAL SALINE,.,.,ไทยโอซูก้า
101,529074,D-5-S/4500ML1205.,DEXTROSE 5 % IN 1/4 STR. SALINE,.,.,ไทยโอซูก้า
102,529074,D-5-S/4500ML1205.,DEXTROSE 5 % IN 1/4 STR. SALINE,.,.,ไทยโอซูก้า
103,529429,D-5-S/5500ML,0.9% SODIUM CHLORIDE AND 5% DEXTROSE INJECTION B.P,.,.,ไทยโอซูก้า
104,529429,D-5-S/5500ML,0.9% SODIUM CHLORIDE AND 5% DEXTROSE INJECTION B.P,.,.,ไทยโอซูก้า
105,557718,D-5-W100ML,DEXTROSE 5% IN WATER,.,.,ไทยนครพัฒนา
106,557718,D-5-W100ML,DEXTROSE 5% IN WATER,.,.,ไทยนครพัฒนา
107,556491,DEXAMETHASONE4MGIN1MLINJ.1209.,DEXAMETHASONE SODIUM PHOSPHATE,4 mg./ml.,.,องค์การเภสัชกรรม
108,556491,DEXAMETHASONE4MGIN1MLINJ.1209.,DEXAMETHASONE SODIUM PHOSPHATE,4 mg./ml.,.,องค์การเภสัชกรรม
109,556347,dexamethasone,DEXAMETHASONE S.,4 mg/1 mL,1 mL ampoule,ยูโทเปี้ยน
110,761064,DEXTRAN401210.,DEXTRAN 40 INJECTION,.,.,ไทยโอซูก้า
111,761064,DEXTRAN401210.,DEXTRAN 40 INJECTION,.,.,ไทยโอซูก้า
112,420485,DEXTROMETROPHAN,PUSIRAN,15 mg.,.,แอตแลนติค
113,420485,DEXTROMETROPHAN,PUSIRAN,15 mg.,.,แอตแลนติค
114,560472,DIAZEPAM10MGIN2MLINJ.,DIAZEPAM INJECTION 10 mg/2 ml 2 ml ampule,10 mg./ml.,.,องค์การเภสัชกรรม
115,560472,DIAZEPAM10MGIN2MLINJ.,DIAZEPAM INJECTION 10 mg/2 ml 2 ml ampule,10 mg./ml.,.,องค์การเภสัชกรรม
116,767143,Diazepam,DIAZEPAM TABLETS 2 mg 500s,2 mg.,.,องค์การเภสัชกรรม
117,767143,Diazepam,DIAZEPAM TABLETS 2 mg 500s,2 mg.,.,องค์การเภสัชกรรม
118,120289,Diclofenac,DOSANAC,75 mg/3ml,Amphule,สยามเภสัช
119,120289,Diclofenac,DOSANAC,75 mg/3ml,Amphule,สยามเภสัช
120,520954,Digoxin,LANOXIN,mg./ml.,Amphule (2 ml.),ASPEN PHARMACARE
121,520954,Digoxin,LANOXIN,mg./ml.,Amphule (2 ml.),ASPEN PHARMACARE
122,460249,Digoxin,DIGOXIN TABLETS 0.25 mg 1000s,0.25 mg.,เม็ด (SP.),ที.โอ. ฟาร์ม่า
123,460249,Digoxin,DIGOXIN TABLETS 0.25 mg 1000s,0.25 mg.,เม็ด (SP.),ที.โอ. ฟาร์ม่า
124,460220,digoxin,TOLOXIN,250 mcg,1 tablet,ที.โอ. เคมีคอลส์
125,560813,Dimenhydrinate,DIVOMIT,50 mg./ml.,Amphule,ยูโทเปี้ยน
126,560813,Dimenhydrinate,DIVOMIT,50 mg./ml.,Amphule,ยูโทเปี้ยน
127,784293,Domperidone,DOMP - M,10 mg.,เม็ด,ชุมชนเภสัชกรรม
128,784293,Domperidone,DOMP - M,10 mg.,เม็ด,ชุมชนเภสัชกรรม
129,615385,Domperidone,DOMPERSTAR SUSPENSION,1 mg./ml.,ขวด,นิวไลฟ์ฟาร์ม่า
130,615385,Domperidone,DOMPERSTAR SUSPENSION,1 mg./ml.,ขวด,นิวไลฟ์ฟาร์ม่า
131,105868,RANITIDINE150MG1372.,XANIDINE,.,.,เบอร์ลินฟาร์มาซูติคอลอินดัสตรี้
132,105868,RANITIDINE150MG1372.,XANIDINE,.,.,เบอร์ลินฟาร์มาซูติคอลอินดัสตรี้
133,105749,ranitidine,RANID,150 mg,1 tablet,ที.แมน. ฟาร์มา
134,737217,RIFAMPICIN450MG1374.,RIFAMPICIN CAPSULES 450 mg 10x10s,.,.,องค์การเภสัชกรรม
135,737217,RIFAMPICIN450MG1374.,RIFAMPICIN CAPSULES 450 mg 10x10s,.,.,องค์การเภสัชกรรม
136,800133,GPO ALCOHOL,RUBBING ALCOHOL 70%v/v (ethanol) 450 ml,.,.,องค์การเภสัชกรรม
137,800133,GPO ALCOHOL,RUBBING ALCOHOL 70%v/v (ethanol) 450 ml,.,.,องค์การเภสัชกรรม
138,474008,SALBUTAMOL2MG1376.,SALBUTAMOL TABLETS,.,.,องค์การเภสัชกรรม
139,474008,SALBUTAMOL2MG1376.,SALBUTAMOL TABLETS,.,.,องค์การเภสัชกรรม
140,827598,SALBUTAMOLINH400DOSE,SALVENT HFA (SALBUTAMOL PRESSURISED INHALATION BP),100 mcg/dose,ขวด,MEDISPRAY LABORATORIES PVT. LTD.
141,827598,SALBUTAMOLINH400DOSE,SALVENT HFA (SALBUTAMOL PRESSURISED INHALATION BP),100 mcg/dose,ขวด,MEDISPRAY LABORATORIES PVT. LTD.
142,670887,SALBUTAMOLSYRUP,SALBUTAMOL SYRUP 2 mg/5 ml 60 ml (SALAMOL),2mg/5ml,.,องค์การเภสัชกรรม
143,670887,SALBUTAMOLSYRUP,SALBUTAMOL SYRUP 2 mg/5 ml 60 ml (SALAMOL),2mg/5ml,.,องค์การเภสัชกรรม
144,782838,SODIUMBICARBONATE7.5%INJ,BICARBON INJECTION,.,.,นิด้า ฟาร์มา
145,782838,SODIUMBICARBONATE7.5%INJ,BICARBON INJECTION,.,.,นิด้า ฟาร์มา
146,346563,SPINOLACTONE25MG,HYLES 100,.,.,เบอร์ลินฟาร์มาซูติคอลอินดัสตรี้
147,346563,SPINOLACTONE25MG,HYLES 100,.,.,เบอร์ลินฟาร์มาซูติคอลอินดัสตรี้
148,757547,SPECTIALMOUTHWASH.,C - 20,.,.,สหแพทย์เภสัช
149,757547,SPECTIALMOUTHWASH.,C - 20,.,.,สหแพทย์เภสัช
150,761922,terbutaline,TERBUTALINE SULFATE INJECTION 0.5 mg/ml 1 ml,mg./ml.,Amphule (1 ml.),องค์การเภสัชกรรม
151,761922,terbutaline,TERBUTALINE SULFATE INJECTION 0.5 mg/ml 1 ml,mg./ml.,Amphule (1 ml.),องค์การเภสัชกรรม
152,761922,tetanusantitoxin,TERBUTALINE SULFATE INJECTION 0.5 mg/ml 1 ml,1500 u.,Amphule,องค์การเภสัชกรรม
153,761922,tetanusantitoxin,TERBUTALINE SULFATE INJECTION 0.5 mg/ml 1 ml,1500 u.,Amphule,องค์การเภสัชกรรม
154,828212,triamcinolone0.02%,T.A. CREAM 0.02 %,0.02. %,หลอด,โปลิฟาร์ม
155,828212,triamcinolone0.02%,T.A. CREAM 0.02 %,0.02. %,หลอด,โปลิฟาร์ม
156,822156,triamcinolon0.1%,TRIAMCINOLONE CREAM 0.1%w/w 5 g,1.00E-03,หลอด,โปลิฟาร์ม
157,822156,triamcinolon0.1%,TRIAMCINOLONE CREAM 0.1%w/w 5 g,1.00E-03,หลอด,โปลิฟาร์ม
158,518779,triamcinolone acetonide,TRIAMCINOLONE,100 mg/100 g,5 g tube,องค์การเภสัชกรรม
159,664655,TRIAMCINOLONE50MGIN5MLINJ.1394.,TRIAMCINOLONE INJECTION,.,.,แอล.บี.เอส. แลบบอเรตอรี่
160,664655,TRIAMCINOLONE50MGIN5MLINJ.1394.,TRIAMCINOLONE INJECTION,.,.,แอล.บี.เอส. แลบบอเรตอรี่
161,643616,Trihexyphenidryl,BENZHEXOL TABLETS 2 MG,2 mg.,เม็ด,องค์การเภสัชกรรม
162,643616,Trihexyphenidryl,BENZHEXOL TABLETS 2 MG,2 mg.,เม็ด,องค์การเภสัชกรรม
163,643663,Trihexyphenidryl,BENZHEXOL TABLETS 5 MG,5 mg.,เม็ด,องค์การเภสัชกรรม
164,643663,Trihexyphenidryl,BENZHEXOL TABLETS 5 MG,5 mg.,เม็ด,องค์การเภสัชกรรม
165,770163,VitamineBCO,A.N.B. 100 COMPLEX,.,Amphule (1 ml.),ที.พี. ดรัก แลบบอราทอรี่ส์
166,770163,VitamineBCO,A.N.B. 100 COMPLEX,.,Amphule (1 ml.),ที.พี. ดรัก แลบบอราทอรี่ส์
167,769350,vitaminK1,VITAMIN K1 INJECTION (10 MG/MCL),1 mg/ml,Amphule,แอตแลนติค
168,769350,vitaminK1,VITAMIN K1 INJECTION (10 MG/MCL),1 mg/ml,Amphule,แอตแลนติค
169,790339,WATERFORINJ10ML,STERILISED WATER FOR INJECTIONS B.P.,.,.,MARCK BIOSCIENCES LIMITED
170,790339,WATERFORINJ10ML,STERILISED WATER FOR INJECTIONS B.P.,.,.,MARCK BIOSCIENCES LIMITED
171,548769,CEFTRIAXONE1GMINJ,TRIACEF,1. g.,.,ยูโทเปี้ยน
172,548769,CEFTRIAXONE1GMINJ,TRIACEF,1. g.,.,ยูโทเปี้ยน
173,515711,COALTARSHAMPOO,POLYTAR LIQUID,.,.,STIEFEL LABORATORIES (PTE) LTD
174,515711,COALTARSHAMPOO,POLYTAR LIQUID,.,.,STIEFEL LABORATORIES (PTE) LTD
175,679256,FBC,FERRA,.,เม็ด,โอลิค
176,679256,FBC,FERRA,.,เม็ด,โอลิค
177,659745,acetylcysteine,MYSOVEN,200 mg/3 g,3 g sachet,โรงงานเภสัชกรรมเกร๊ทเตอร์ฟาร์ม่า
178,778794,POTASSIUMCHLORIDE,ENPOTT 500 MG,500 mg.,.,พอนด์เคมีคอล
179,778794,POTASSIUMCHLORIDE,ENPOTT 500 MG,500 mg.,.,พอนด์เคมีคอล
180,761807,Unisonenema,UNISON ENEMA - GL,100 ml.,.,ยูนีซัน
181,761807,Unisonenema,UNISON ENEMA - GL,100 ml.,.,ยูนีซัน
182,761807,sodium chloride,UNISON ENEMA-GL,15 g/100 mL,100 mL bottle,ยูนีซัน
183,737008,CHLOPROMAZINE,CHLORPROMAZINE TABLETS 100 mg 500s,mg,.,องค์การเภสัชกรรม
184,737008,CHLOPROMAZINE,CHLORPROMAZINE TABLETS 100 mg 500s,mg,.,องค์การเภสัชกรรม
185,482841,Diazepam,DIAZEPAM TABLETS 5 mg 500s,5 mg.,เม็ด,องค์การเภสัชกรรม
186,482841,Diazepam,DIAZEPAM TABLETS 5 mg 500s,5 mg.,เม็ด,องค์การเภสัชกรรม
187,563038,GENTAMICIN80MGIN2MLINJ.,GENTAMICIN SULFATE INJECTION,.,.,องค์การเภสัชกรรม
188,563038,GENTAMICIN80MGIN2MLINJ.,GENTAMICIN SULFATE INJECTION,.,.,องค์การเภสัชกรรม
189,562871,gentamicin,GENTAWIN,80 mg/2 mL,2 mL vial,เยนเนอร์ราลดรั๊กส์เฮ้าส์
190,820405,HISTA-OPH EYE DROP1266.,OPSIL - A,.,ขวด,ไทย พี.ดี. เคมีคอล
191,820405,HISTA-OPH EYE DROP1266.,OPSIL - A,.,ขวด,ไทย พี.ดี. เคมีคอล
192,769833,ACTIVATEDCHARCOAL(50GM),ABS TOXINE,.,.,บริษัท เมดิซีน โปรดักส์ จำกัด
193,769833,ACTIVATEDCHARCOAL(50GM),ABS TOXINE,.,.,บริษัท เมดิซีน โปรดักส์ จำกัด
194,767686,HYOSCINE,KANIN,20 mg./ml.,.,องค์การเภสัชกรรม
195,767686,HYOSCINE,KANIN,20 mg./ml.,.,องค์การเภสัชกรรม
196,767686,hyoscine butylbromide,HYOSCINE-N-BUTYLBROMIDE,20 mg/1 mL,1 mL ampoule,องค์การเภสัชกรรม
197,735852,Dopamine,INOPIN 250,mg/10ml,Amphule (10 ml.),สยามเภสัช
198,735852,Dopamine,INOPIN 250,mg/10ml,Amphule (10 ml.),สยามเภสัช
199,318135,Doxycycline,DOXYCLATE,100 mg.,เม็ด,ที.โอ. เคมีคอลส์
200,318135,Doxycycline,DOXYCLATE,100 mg.,เม็ด,ที.โอ. เคมีคอลส์
201,473400,doxycycline,VIDOXIN,100 mg,1 capsule,ยูโทเปี้ยน
202,537227,ADRENALINE,ADRENALINE INJECTION 1 mg/ml 1 ml ampule,1 mg./ml.,.,องค์การเภสัชกรรม
203,537227,ADRENALINE,ADRENALINE INJECTION 1 mg/ml 1 ml ampule,1 mg./ml.,.,องค์การเภสัชกรรม
204,537227,EPINEPHRINE1:1000,ADRENALINE INJECTION 1 mg/ml 1 ml ampule,.,Amphule,องค์การเภสัชกรรม
205,537227,EPINEPHRINE1:1000,ADRENALINE INJECTION 1 mg/ml 1 ml ampule,.,Amphule,องค์การเภสัชกรรม
206,761119,Erythromycin,NEWTHROCIN FOR ORAL SUSPENSION,125 mg/5ml,ขวด,นิวไลฟ์ฟาร์ม่า
207,761119,Erythromycin,NEWTHROCIN FOR ORAL SUSPENSION,125 mg/5ml,ขวด,นิวไลฟ์ฟาร์ม่า
208,910590,erythromycin,STARTHROCIN,125 mg/5 mL,60 mL bottle,ห้างขายยาตราเจ็ดดาว
209,689697,Ferrousfumarate,FER - IN - SOL (DROPS),45 mg/0.6ml,ขวด,MEAD JOHNSON PHILIPPINES INC.
210,689697,Ferrousfumarate,FER - IN - SOL (DROPS),45 mg/0.6ml,ขวด,MEAD JOHNSON PHILIPPINES INC.
211,806905,FLUPHENAZINE50MGIN2ML.INJ.,FENDEC,mg./ml.,.,โมเดอร์นแมนู
212,806905,FLUPHENAZINE50MGIN2ML.INJ.,FENDEC,mg./ml.,.,โมเดอร์นแมนู
213,767471,Folicacid,FOLIC ACID TABLETS 5 mg 1000s,5 mg.,เม็ด,องค์การเภสัชกรรม
214,767471,Folicacid,FOLIC ACID TABLETS 5 mg 1000s,5 mg.,เม็ด,องค์การเภสัชกรรม
215,562227,FUROSEMIDE,FUROSEMIDE INJECTION,20 mg/2 ml,.,องค์การเภสัชกรรม
216,562227,FUROSEMIDE,FUROSEMIDE INJECTION,20 mg/2 ml,.,องค์การเภสัชกรรม
217,735712,Furosemide,FUROSEMIDE TABLETS 40 mg 500s,40 mg.,เม็ด,องค์การเภสัชกรรม
218,735712,Furosemide,FUROSEMIDE TABLETS 40 mg 500s,40 mg.,เม็ด,องค์การเภสัชกรรม
219,557098,Glucose,25% DEXTROSE INJECTION B.P.,50 mg/100ml,Amphule (25 ml.),ไทยโอซูก้า
220,557098,Glucose,25% DEXTROSE INJECTION B.P.,50 mg/100ml,Amphule (25 ml.),ไทยโอซูก้า
221,616178,Guaifenecin,FENESIN,100 mg/5ml,ขวด,องค์การเภสัชกรรม
222,616178,Guaifenecin,FENESIN,100 mg/5ml,ขวด,องค์การเภสัชกรรม
223,785577,Haloperidol,HALODEC,HALOPERIDOL DECANOATE 50 MG/1 ML,Amphule (1 ml.),บริษัท โมเดอร์นแมนู จำกัด
224,785577,Haloperidol,HALODEC,HALOPERIDOL DECANOATE 50 MG/1 ML,Amphule (1 ml.),บริษัท โมเดอร์นแมนู จำกัด
225,673257,HEPATITISVACCINE1265.,HEPATITIS B VACCINE RECOMBINANT,5 mcg/0.5ml,.,LG CHEMICAL LTD.
226,673257,HEPATITISVACCINE1265.,HEPATITIS B VACCINE RECOMBINANT,5 mcg/0.5ml,.,LG CHEMICAL LTD.
227,345868,Hydrochlorothiazide,HYDROCHLOROTHIAZIDE TABLETS 50 mg 500s -EXPORT/SPC,50 mg.,เม็ด,ที.โอ. เคมีคอลส์
228,345868,Hydrochlorothiazide,HYDROCHLOROTHIAZIDE TABLETS 50 mg 500s -EXPORT/SPC,50 mg.,เม็ด,ที.โอ. เคมีคอลส์
229,346384,Hydroxycine,HYDROXYZINE 10 mg,10 mg.,เม็ด,องค์การเภสัชกรรม
230,346384,Hydroxycine,HYDROXYZINE 10 mg,10 mg.,เม็ด,องค์การเภสัชกรรม
231,616598,Hydroxycine,HYDROXYZINE SYRUP,10 mg/5ml,ขวด,ยูโทเปี้ยน
232,616598,Hydroxycine,HYDROXYZINE SYRUP,10 mg/5ml,ขวด,ยูโทเปี้ยน
233,825417,HYOSCINE,BACOTAN SYRUP,5 mg/5ml,.,ที.แมน. ฟาร์มา
234,825417,HYOSCINE,BACOTAN SYRUP,5 mg/5ml,.,ที.แมน. ฟาร์มา
235,124158,Ibuprofen,I BRO 400,400 mg.,เม็ด,ยูเมด้า
236,124158,Ibuprofen,I BRO 400,400 mg.,เม็ด,ยูเมด้า
237,343180,Isorsobidedinitrate,ISOSORBIDE DINITRATE TABLETS 10 mg 50x10s,mg.,เม็ด,สยามเภสัช
238,343180,Isorsobidedinitrate,ISOSORBIDE DINITRATE TABLETS 10 mg 50x10s,mg.,เม็ด,สยามเภสัช
239,737152,Isoniacid,ISONIAZID TABLETS 100 mg 500s,100 mg.,เม็ด,องค์การเภสัชกรรม
240,737152,Isoniacid,ISONIAZID TABLETS 100 mg 500s,100 mg.,เม็ด,องค์การเภสัชกรรม
241,761174,Ketoconazole,KETOCONAZOLE TABLETS 200 mg 25x10s,mg.,เม็ด,องค์การเภสัชกรรม
242,761174,Ketoconazole,KETOCONAZOLE TABLETS 200 mg 25x10s,mg.,เม็ด,องค์การเภสัชกรรม
243,566169,LIDOCAINHCL1%WITHADR,LIDOCAINE-A 1% INJECTION,.,.,เอ็ม.แอนด์.เอ็ช. แมนูแฟคเจอริ่ง
244,566169,LIDOCAINHCL1%WITHADR,LIDOCAINE-A 1% INJECTION,.,.,เอ็ม.แอนด์.เอ็ช. แมนูแฟคเจอริ่ง
245,565335,LIDOCAINHCL1%20ML,LIDOCAINE HYDROCHLORIDE INJECTION 1% W/V 20 ml,20 ml.,.,องค์การเภสัชกรรม
246,565335,LIDOCAINHCL1%20ML,LIDOCAINE HYDROCHLORIDE INJECTION 1% W/V 20 ml,20 ml.,.,องค์การเภสัชกรรม
247,566803,LINCOMYCIN300MG/MLINJ,LINCOSA,.,.,โอลัน-เคมเมด
248,566803,LINCOMYCIN300MG/MLINJ,LINCOSA,.,.,โอลัน-เคมเมด
249,363658,Lorazepam,LORAZIN 0.5 MG.,0.5 mg.,เม็ด,อินแพคฟาร์มา
250,363658,Lorazepam,LORAZIN 0.5 MG.,0.5 mg.,เม็ด,อินแพคฟาร์มา
251,761277,MAGNESIUMSULFATE50%INJ,MAGNESIUM SULFATE INJECTION 50%,. 2 ml,.,แอตแลนติค
252,761277,MAGNESIUMSULFATE50%INJ,MAGNESIUM SULFATE INJECTION 50%,. 2 ml,.,แอตแลนติค
253,761220,MAGNESIUMSULFATE10%INJ,MAGNESIUM SULFATE INJECTION 10%,. 10 ml,.,แอตแลนติค
254,761220,MAGNESIUMSULFATE10%INJ,MAGNESIUM SULFATE INJECTION 10%,. 10 ml,.,แอตแลนติค
255,769977,MALAYANPITVIPERANTIVENOM1302.,MALAYAN PIT VIPER ANTIVENIN (PURIFIED),.,.,สถานเสาวภา สภากาชาดไทย
256,769977,MALAYANPITVIPERANTIVENOM1302.,MALAYAN PIT VIPER ANTIVENIN (PURIFIED),.,.,สถานเสาวภา สภากาชาดไทย
257,659188,MEBENDAZOLESUSP,FUBEN 90,100mg/5ml 30 ml,.,ยูโทเปี้ยน
258,659188,MEBENDAZOLESUSP,FUBEN 90,100mg/5ml 30 ml,.,ยูโทเปี้ยน
259,147135,MEDROXYPROGESTERONEINJ,ENAF-150 (1 ML),150 mg,.,ยูเมด้า
260,147135,MEDROXYPROGESTERONEINJ,ENAF-150 (1 ML),150 mg,.,ยูเมด้า
261,761347,METHYLERGOMETRINE0.2MGIN1MLINJ.1307.,EXPOGIN,.,.,แอล.บี.เอส. แลบบอเรตอรี่
262,761347,METHYLERGOMETRINE0.2MGIN1MLINJ.1307.,EXPOGIN,.,.,แอล.บี.เอส. แลบบอเรตอรี่
263,569705,METOCLOPRAMIDE,METOCLOPRAMIDE INJECTION 10 mg/2 ml 2 ml ampule,mg./ml.,Amphule,แอล.บี.เอส. แลบบอเรตอรี่
264,569705,METOCLOPRAMIDE,METOCLOPRAMIDE INJECTION 10 mg/2 ml 2 ml ampule,mg./ml.,Amphule,แอล.บี.เอส. แลบบอเรตอรี่
265,737175,Metronidazole,METRONIDAZOLE TABLETS 200 mg 500s,mg.,เม็ด,องค์การเภสัชกรรม
266,737175,Metronidazole,METRONIDAZOLE TABLETS 200 mg 500s,mg.,เม็ด,องค์การเภสัชกรรม
267,742102,AMOXYCILLIN,GPO MOX CAPSULES 250 MG,250 mg.,เม็ด,องค์การเภสัชกรรม
268,742102,AMOXYCILLIN,GPO MOX CAPSULES 250 MG,250 mg.,เม็ด,องค์การเภสัชกรรม
269,676297,MULTIVITAMIN,MULTIVITAMIN DRY SYRUP 60 ml -hospital pack,.,.,องค์การเภสัชกรรม
270,676297,MULTIVITAMIN,MULTIVITAMIN DRY SYRUP 60 ml -hospital pack,.,.,องค์การเภสัชกรรม
271,521028,NALOXONE0.4MGIN1MLINJ.,NALOXONE HYDROCHLORIDE INJECTION U.S.P.,.,.,HOSPIRA AUSTRALIA PTY LTD.
272,521028,NALOXONE0.4MGIN1MLINJ.,NALOXONE HYDROCHLORIDE INJECTION U.S.P.,.,.,HOSPIRA AUSTRALIA PTY LTD.
273,521028,naloxone,NARCOTAN,40 mg/100 mL,1 mL ampoule,"TROIKAA PHARMACEUTICALS, INDIA"
274,110539,nifedipine,NELAPINE 5,5 mg,เม็ด,เมก้า ไลฟ์ไซแอ็นซ์
275,417675,Noresthisterone,PRIMOLUT N,5 mg.,เม็ด,SCHERING GmbH UND CO. PRODUKTIONS KG
276,417675,Noresthisterone,PRIMOLUT N,5 mg.,เม็ด,SCHERING GmbH UND CO. PRODUKTIONS KG
277,393121,NORFLOXACIN,NORFLOXACIN TABLETS 400 mg 50x10s,400 mg.,เม็ด,ชุมชนเภสัชกรรม
278,393121,NORFLOXACIN,NORFLOXACIN TABLETS 400 mg 50x10s,400 mg.,เม็ด,ชุมชนเภสัชกรรม
279,392745,norfloxacin,NORFLOCIN 400,400 mg,1 tablet,โปลิฟาร์ม
280,801533,NSS0.9%1000ML,0.9% SODIUM CHLORIDE INJECTION USP,SODIUM CHLORIDE 0.9 G/100 ML INJECTION,.,บริษัท แบ็กซ์เตอร์เฮลธ์แคร์ (ประเทศไทย) จำกัด
281,801533,NSS0.9%1000ML,0.9% SODIUM CHLORIDE INJECTION USP,SODIUM CHLORIDE 0.9 G/100 ML INJECTION,.,บริษัท แบ็กซ์เตอร์เฮลธ์แคร์ (ประเทศไทย) จำกัด
282,748644,ORS 7.5 gm,DELYTE,"ORAL ELECTROLYTE SOLUTION POWDER OR GRANULE, ORAL",ซอง,บริษัท บางกอกแล็ป แอนด์ คอสเมติค จำกัด
283,748644,ORS 7.5 gm,DELYTE,"ORAL ELECTROLYTE SOLUTION POWDER OR GRANULE, ORAL",ซอง,บริษัท บางกอกแล็ป แอนด์ คอสเมติค จำกัด
284,573724,OXYTOCIN10UIN1MLINJ.,OCTOCIN - 10,.,.,แอล.บี.เอส. แลบบอเรตอรี่
285,573724,OXYTOCIN10UIN1MLINJ.,OCTOCIN - 10,.,.,แอล.บี.เอส. แลบบอเรตอรี่
286,328183,ofloxacin,FLOXY-200,200 mg.,เม็ด,มิลลิเมด
287,328183,ofloxacin,FLOXY-200,200 mg.,เม็ด,มิลลิเมด
288,669677,"RABIES VACCINE (PCEC) 2.5 UNITS/1 ML INJECTION, POWDER",RABIPUR,2.5 UNITS/1 ML INJECTION,.,บริษัท ไบโอจีนีเทค จำกัด
289,669677,"RABIES VACCINE (PCEC) 2.5 UNITS/1 ML INJECTION, POWDER",RABIPUR,2.5 UNITS/1 ML INJECTION,.,บริษัท ไบโอจีนีเทค จำกัด
290,660859,PENICILLING1MU1354.,SODIUM PENICILLN G,.,.,เยนเนอร์ราลดรั๊กส์เฮ้าส์
291,660859,PENICILLING1MU1354.,SODIUM PENICILLN G,.,.,เยนเนอร์ราลดรั๊กส์เฮ้าส์
292,666913,PENICILLING5MU,SODIPEN,.,.,เอ็ม.แอนด์.เอ็ช. แมนูแฟคเจอริ่ง
293,666913,PENICILLING5MU,SODIPEN,.,.,เอ็ม.แอนด์.เอ็ช. แมนูแฟคเจอริ่ง
294,660902,benzathine benzylpenicillin,PENICILLIN G SODIUM GDH,5 MU,1 vial,เยนเนอร์ราลดรั๊กส์เฮ้าส์
295,763159,POVIDONEIODINE,POVIDONE IODINE SOLUTION 10%w/v 30 ml (IPODINE),.,.,องค์การเภสัชกรรม
296,763159,POVIDONEIODINE,POVIDONE IODINE SOLUTION 10%w/v 30 ml (IPODINE),.,.,องค์การเภสัชกรรม
297,317270,PROCTOSEDYLSUPPO1363.,DOPROCT SUPPOSITORIES,.,.,คอนติเนนเติล-ฟาร์ม
298,317270,PROCTOSEDYLSUPPO1363.,DOPROCT SUPPOSITORIES,.,.,คอนติเนนเติล-ฟาร์ม
299,689238,PROPANOLOL40MG,PROPRANOLOL TABLETS 40 MG 1000s,40,เม็ด,องค์การเภสัชกรรม
300,689238,PROPANOLOL40MG,PROPRANOLOL TABLETS 40 MG 1000s,40,เม็ด,องค์การเภสัชกรรม
301,419422,PROPYLTHIOURACIL50MG1366.,PROPYLTHIOURACIL TABLETS,.,.,องค์การเภสัชกรรม
302,419422,PROPYLTHIOURACIL50MG1366.,PROPYLTHIOURACIL TABLETS,.,.,องค์การเภสัชกรรม
303,762684,ERIC1000U/5ML,TRCS ERIG (TRCS ANTIRABIES SERUM),.,.unit,สถานเสาวภา สภากาชาดไทย
304,762684,ERIC1000U/5ML,TRCS ERIG (TRCS ANTIRABIES SERUM),.,.unit,สถานเสาวภา สภากาชาดไทย
305,632874,PARACETAMOL,PARACETAMOL SYRUP 120 mg/5 ml 60 ml,120 mg/5ml,ขวด (60 ml.),องค์การเภสัชกรรม
306,632874,PARACETAMOL,PARACETAMOL SYRUP 120 mg/5 ml 60 ml,120 mg/5ml,ขวด (60 ml.),องค์การเภสัชกรรม
307,404356,PARACETAMOL,PARACETAMOL TABLETS 500 mg 100s,500 mg.,เม็ด,เอช.เค. ฟาร์มาซูติคอล
308,404356,PARACETAMOL,PARACETAMOL TABLETS 500 mg 100s,500 mg.,เม็ด,เอช.เค. ฟาร์มาซูติคอล
309,731287,ACETARSOLUTION1000ML,ACETAR (ACETATE RINGERS INJECTION),.,.,ไทยโอซูก้า
310,731287,ACETARSOLUTION1000ML,ACETAR (ACETATE RINGERS INJECTION),.,.,ไทยโอซูก้า
311,250335,ASPIRIN,ASPENT,300 mg.,.,โอลิค
312,250335,ASPIRIN,ASPENT,300 mg.,.,โอลิค
313,302903,SIMETHICONE,AIRROX,80 mg.,.,มิลลิเมด
314,302903,SIMETHICONE,AIRROX,80 mg.,.,มิลลิเมด
315,822442,SIMETHICONE,VIN DROPS,.,.,พาตาร์แลบ
316,822442,SIMETHICONE,VIN DROPS,.,.,พาตาร์แลบ
317,472373,ALBENDAZOLE,ALBENDAZOLE TABLET 200 mg,200 mg.,เม็ด,องค์การเภสัชกรรม
318,472373,ALBENDAZOLE,ALBENDAZOLE TABLET 200 mg,200 mg.,เม็ด,องค์การเภสัชกรรม
319,468361,AMILORIDE5MG+HCTZ,URENETIC,.,.,โปลิฟาร์ม
320,468361,AMILORIDE5MG+HCTZ,URENETIC,.,.,โปลิฟาร์ม
321,589323,AMOXYCILLIN,PONDNOXCILL DRY SYRUP 125 MG.,125 mg/5ml,.,พอนด์เคมีคอล
322,589323,AMOXYCILLIN,PONDNOXCILL DRY SYRUP 125 MG.,125 mg/5ml,.,พอนด์เคมีคอล
323,586894,amoxicillin,AMOXI T.O. DRY,125 mg/5 mL,60 mL bottle,ที.โอ. แลบ
324,240523,AMOXYCILLIN,GPO MOX,500 mg.,เม็ด,องค์การเภสัชกรรม
325,240523,AMOXYCILLIN,GPO MOX,500 mg.,เม็ด,องค์การเภสัชกรรม
326,539622,AMPICILLIN,AMPICILLIN INJECTION 1 g vial,1 g.,.,องค์การเภสัชกรรม
327,539622,AMPICILLIN,AMPICILLIN INJECTION 1 g vial,1 g.,.,องค์การเภสัชกรรม
328,539888,ampicillin,AMPICILLIN,1 g,1 g vial,เยนเนอร์ราลดรั๊กส์เฮ้าส์
329,811193,AROMATICAMMOMIASPIRIT450ML,AMMONIA SPIRIT AROMATIC B.P.C.1973,.,.,เภสัชกรรมทหาร
330,811193,AROMATICAMMOMIASPIRIT450ML,AMMONIA SPIRIT AROMATIC B.P.C.1973,.,.,เภสัชกรรมทหาร
331,793651,vitaminC,ASCORBIC ACID TABLETS,mg.,เม็ด,พาตาร์แลบ
332,793651,vitaminC,ASCORBIC ACID TABLETS,mg.,เม็ด,พาตาร์แลบ
333,791204,ascorbic acid,VITAMIN C,50 mg,50 mg,พาตาร์แลบ
334,716194,TRIHEXYPHENIDYL,TRIDYL,2 mg.,.,ฟาร์มาสันต์แล็บบอราตอรี่ส์
335,716194,TRIHEXYPHENIDYL,TRIDYL,2 mg.,.,ฟาร์มาสันต์แล็บบอราตอรี่ส์
336,766735,ATROPINESULFATE0.6MGIN1MLINJ.1146.,ATROPINE SULFATE INJECTION 0.60 MG/ML,.,.,องค์การเภสัชกรรม
337,766735,ATROPINESULFATE0.6MGIN1MLINJ.1146.,ATROPINE SULFATE INJECTION 0.60 MG/ML,.,.,องค์การเภสัชกรรม
338,315673,PHENYLTOIN100MG1356.,MOLANTIN - 100,.,.,โมเดอร์นแมนู
339,315673,PHENYLTOIN100MG1356.,MOLANTIN - 100,.,.,โมเดอร์นแมนู
340,315673,phenytoin,DITOIN,100 mg,1 capsule,แอตแลนติค
341,820326,POLY-OPH,POLY - OPH EYE DROPS,.,.,ไทย พี.ดี. เคมีคอล
342,820326,POLY-OPH,POLY - OPH EYE DROPS,.,.,ไทย พี.ดี. เคมีคอล
343,737199,PYRAZINAMIDE500MG1368.,PYRAZINAMIDE TABLETS 500 mg 50x10s,.,.,องค์การเภสัชกรรม
344,737199,PYRAZINAMIDE500MG1368.,PYRAZINAMIDE TABLETS 500 mg 50x10s,.,.,องค์การเภสัชกรรม
345,429093,RIFAMPICIN300MG1373.,RIFAMPICIN CAPSULES 300 mg 100s,.,.,องค์การเภสัชกรรม
346,429093,RIFAMPICIN300MG1373.,RIFAMPICIN CAPSULES 300 mg 100s,.,.,องค์การเภสัชกรรม
347,790339,WATERFORINJ5ML1403.,STERILISED WATER FOR INJECTIONS B.P.,.,.,MARCK BIOSCIENCES LIMITED
348,790339,WATERFORINJ5ML1403.,STERILISED WATER FOR INJECTIONS B.P.,.,.,MARCK BIOSCIENCES LIMITED
349,428009,Thioridazine,RIDAZINE TABLETS,100 mg.,เม็ด,แอตแลนติค
350,428009,Thioridazine,RIDAZINE TABLETS,100 mg.,เม็ด,แอตแลนติค
351,666517,ALLOPURINOL,ALLOPURINOL TABLETS 100 mg 500s,100 mg.,เม็ด,องค์การเภสัชกรรม
352,666517,ALLOPURINOL,ALLOPURINOL TABLETS 100 mg 500s,100 mg.,เม็ด,องค์การเภสัชกรรม
353,111471,enalapril,ANAPRIL 5,mg.,เม็ด,เบอร์ลินฟาร์มาซูติคอลอินดัสตรี้
354,111471,enalapril,ANAPRIL 5,mg.,เม็ด,เบอร์ลินฟาร์มาซูติคอลอินดัสตรี้
355,737096,Ethambutol,LAMBUTOL,mg.,เม็ด,แอตแลนติค
356,737096,Ethambutol,LAMBUTOL,mg.,เม็ด,แอตแลนติค
357,343259,Isosobidedinitrate,HARTSORB SUBLINGUAL,mg.,เม็ด,สยามเภสัช
358,343259,Isosobidedinitrate,HARTSORB SUBLINGUAL,mg.,เม็ด,สยามเภสัช
359,769247,VitaminBCO,VITAMIN B COMPLEX FORTE TABLETS 100s,.,เม็ด,องค์การเภสัชกรรม
360,769247,VitaminBCO,VITAMIN B COMPLEX FORTE TABLETS 100s,.,เม็ด,องค์การเภสัชกรรม
361,827828,SILVERSULFADIAZINECREAM1%1380.,SILVEX II,.,.,โอสถอินเตอร์ แลบบอราทอรีส์
362,827828,SILVERSULFADIAZINECREAM1%1380.,SILVEX II,.,.,โอสถอินเตอร์ แลบบอราทอรีส์
363,274703,PARACETAMOL,CEEMOL TABLETS,325 mg.,เม็ด,ฟาร์มาสันต์แล็บบอราตอรี่ส์
364,274703,PARACETAMOL,CEEMOL TABLETS,325 mg.,เม็ด,ฟาร์มาสันต์แล็บบอราตอรี่ส์
365,147142,DMPAINJ2403.,ENAF-150 (1 ML),.,.,ยูเมด้า
366,147142,DMPAINJ2403.,ENAF-150 (1 ML),.,.,ยูเมด้า
367,353201,MORPHINESULFATE10MG/ML,KAPANOL 100 MG CAPSULES,mg./ml.,.,แกล็กโซสมิทไคล์น
368,353201,MORPHINESULFATE10MG/ML,KAPANOL 100 MG CAPSULES,mg./ml.,.,แกล็กโซสมิทไคล์น
369,657805,insulin human + isophane insulin,GENSULIN M30,30 iu/1 mL + 70 iu/1 mL,3 mL cartridge,"BIOTON, POLAND"
370,571416,NEOSTIGMINE12.5MGIN5MLINJ.,PROSTIGMIN,.,.,VALEANT PHARMACEUTICALS SWITZERLAND GMBH.
371,571416,NEOSTIGMINE12.5MGIN5MLINJ.,PROSTIGMIN,.,.,VALEANT PHARMACEUTICALS SWITZERLAND GMBH.
372,800484,NSS0.45%500ML,WATER FOR INJECTION B.P.,.,ถุง (500 ml.),ไทยนครพัฒนา
373,800484,NSS0.45%500ML,WATER FOR INJECTION B.P.,.,ถุง (500 ml.),ไทยนครพัฒนา
374,535995,PETIDINEHCL50MG/MLINJ,PETHIDINE HCL,.,.,เอ็ม.แอนด์.เอ็ช. แมนูแฟคเจอริ่ง
375,535995,PETIDINEHCL50MG/MLINJ,PETHIDINE HCL,.,.,เอ็ม.แอนด์.เอ็ช. แมนูแฟคเจอริ่ง
376,858450,pethidine hydrochloride,PETHIDINE HYDROCHLORIDE,50 mg/1 mL,1 mL ampoule,สำนักงานคณะกรรมการอาหารและยา
377,768534,POTASSIUMCHLORIDE.,K - TROLYTE INJECTION,mEq.,Amphule (10 ml.),แอตแลนติค
378,768534,POTASSIUMCHLORIDE.,K - TROLYTE INJECTION,mEq.,Amphule (10 ml.),แอตแลนติค
379,579141,STREPTOMYCINSULFATE1GM,STREPTOMYCIN SULFATE FOR INJECTION,.,.,เยนเนอร์ราลดรั๊กส์เฮ้าส์
380,579141,STREPTOMYCINSULFATE1GM,STREPTOMYCIN SULFATE FOR INJECTION,.,.,เยนเนอร์ราลดรั๊กส์เฮ้าส์
381,763821,TetracainHcl,0.5% TETRACAINE HYDROCHLORIDE,%,ขวด,ALCON COUVREUR
382,763821,TetracainHcl,0.5% TETRACAINE HYDROCHLORIDE,%,ขวด,ALCON COUVREUR
383,565335,LIDOCAINHCL2%,LIDOCAINE HYDROCHLORIDE INJECTION 2%w/v 20 ml,. 50 ml,.,องค์การเภสัชกรรม
384,565335,LIDOCAINHCL2%,LIDOCAINE HYDROCHLORIDE INJECTION 2%w/v 20 ml,. 50 ml,.,องค์การเภสัชกรรม
385,699192,ALUMMILK,ANTACIL GEL,.,.,ไทยนครพัฒนา
386,699192,ALUMMILK,ANTACIL GEL,.,.,ไทยนครพัฒนา
387,241653,AMOXYCILLIN,GPO MOX CAPSULES 250 MG,mg.,เม็ด,ชุมชนเภสัชกรรม
388,241653,AMOXYCILLIN,GPO MOX CAPSULES 250 MG,mg.,เม็ด,ชุมชนเภสัชกรรม
389,344001,ACYCLOVIR200MGTAB,VICLOVIR,200 mg.,.,นิวไลฟ์ฟาร์ม่า
390,344001,ACYCLOVIR200MGTAB,VICLOVIR,200 mg.,.,นิวไลฟ์ฟาร์ม่า
391,226579,aciclovir,A.C.V.,200 mg,1 tablet,โรงงานเภสัชกรรมเกร๊ทเตอร์ฟาร์ม่า
392,238733,aminophylline,AMINOPHYLLIN 1 1/2 GR,100 mg,เม็ด,แอตแลนติค
393,126269,Ibuprofen,IBUPROFEN SUSPENSION 100 mg/5 ml 60 ml (BUNOFEN) -hospital pack,100 mg/5ml,ขวด,องค์การเภสัชกรรม
394,126269,Ibuprofen,IBUPROFEN SUSPENSION 100 mg/5 ml 60 ml (BUNOFEN) -hospital pack,100 mg/5ml,ขวด,องค์การเภสัชกรรม
395,293887,PERPHENAZINE8MG,PERNAMED,"PERPHENAZINE 8 MG TABLET, SUGAR COATED",.,บริษัท ยูโทเปี้ยน จำกัด
396,293887,PERPHENAZINE8MG,PERNAMED,"PERPHENAZINE 8 MG TABLET, SUGAR COATED",.,บริษัท ยูโทเปี้ยน จำกัด
397,783820,CHLORAMPHENICOLEYEOINTMENT,CHLOROPH EYE OINTMENT STERILE,0.01,หลอด (5 g.),เยนเนอร์ราลดรั๊กส์เฮ้าส์
398,783820,CHLORAMPHENICOLEYEOINTMENT,CHLOROPH EYE OINTMENT STERILE,0.01,หลอด (5 g.),เยนเนอร์ราลดรั๊กส์เฮ้าส์
399,767041,CALCIUM,CALCIUM GLUCONATE INJECTION 10%w/v 10 ml ampule,0.1,.,องค์การเภสัชกรรม
400,767041,CALCIUM,CALCIUM GLUCONATE INJECTION 10%w/v 10 ml ampule,0.1,.,องค์การเภสัชกรรม
401,580672,Tramadol,AMANDA INJ.,50 mg./ml.,Amphule (1 ml.),โอลัน-เคมเมด
402,580672,Tramadol,AMANDA INJ.,50 mg./ml.,Amphule (1 ml.),โอลัน-เคมเมด
403,689446,MILKOFMAGNESIASUSPENSION,ยาระบายแมกนีเซีย 60 มล.(MILK OF MAGNESIA),.,ขวด (240 ml.),องค์การเภสัชกรรม
404,689446,MILKOFMAGNESIASUSPENSION,ยาระบายแมกนีเซีย 60 มล.(MILK OF MAGNESIA),.,ขวด (240 ml.),องค์การเภสัชกรรม
405,737175,METRONIDAZOLE,MEPAGYL 200,.,.,ไทยนครพัฒนา
406,737175,METRONIDAZOLE,MEPAGYL 200,.,.,ไทยนครพัฒนา
407,570296,metronidazole,MEPAGYL,500 mg/100 mL,100 mL vial,ไทยนครพัฒนา
408,782770,BENZYLBENZOATE,SCABICIDE EMULSION,.BENZYL BENZOATE 25 G/100 ML EMULSION,.,องค์การเภสัชกรรม
409,782770,BENZYLBENZOATE,SCABICIDE EMULSION,.BENZYL BENZOATE 25 G/100 ML EMULSION,.,องค์การเภสัชกรรม
410,782770,benzyl benzoate,BENZYL BENZOATE,25 g/100 mL,60 mL bottle,วิทยาศรม (สาขา 2)
411,669547,PCECINJ.IM2818.,LYSSAVAC N BERNA,.,.,SWISS SERUM AND VACCINE INSTITUTE
412,669547,PCECINJ.IM2818.,LYSSAVAC N BERNA,.,.,SWISS SERUM AND VACCINE INSTITUTE
413,762684,HRIG300UIN2MLINJ.,TRCS ERIG (TRCS ANTIRABIES SERUM),.,.,สถานเสาวภา สภากาชาดไทย
414,762684,HRIG300UIN2MLINJ.,TRCS ERIG (TRCS ANTIRABIES SERUM),.,.,สถานเสาวภา สภากาชาดไทย
415,106473,RANITIDINE50MG/2MLINJ2879.,ZANTIDON INJECTION,.,.,สยามเภสัช
416,106473,RANITIDINE50MG/2MLINJ2879.,ZANTIDON INJECTION,.,.,สยามเภสัช
417,801454,NSS0.9%100ML2887.,SODIUM CHLORIDE INJECTION U.S.P,.,.,"BAXTER HEALTHCARE PHILS, PHILIPPINES"
418,801454,NSS0.9%100ML2887.,SODIUM CHLORIDE INJECTION U.S.P,.,.,"BAXTER HEALTHCARE PHILS, PHILIPPINES"
419,519407,ConjugatedOestrogen,CONJUGASE 0.625,0.625 mg.,เม็ด.,ELDER PHARMACEUTICALS LTD.
420,519407,ConjugatedOestrogen,CONJUGASE 0.625,0.625 mg.,เม็ด.,ELDER PHARMACEUTICALS LTD.
421,147142,DMPAINJ2404.,ENAF-150 (1 ML),.,.,ยูเมด้า
422,147142,DMPAINJ2404.,ENAF-150 (1 ML),.,.,ยูเมด้า
423,557741,D-5-W1000ML,DEXTROSE 5% IN WATER,.,.,ไทยโอซูก้า
424,557741,D-5-W1000ML,DEXTROSE 5% IN WATER,.,.,ไทยโอซูก้า
425,345564,ANNA R-DENlevonorgestrel+ethonylestradiol,HYAN,.,.,FAMY CARE LTD.
426,345564,ANNA R-DENlevonorgestrel+ethonylestradiol,HYAN,.,.,FAMY CARE LTD.
427,301230,lynestrenol,DAILYTON,500 mcg,เม็ด,พอนด์เคมีคอล
428,768341,NSS IRRIGATION 1000 ml,COLLINS BASE,.,ขวด,ไทยโอซูก้า
429,768341,NSS IRRIGATION 1000 ml,COLLINS BASE,.,ขวด,ไทยโอซูก้า
430,800133,GPO ALCOHOL 450ML,RUBBING ALCOHOL 70%v/v (ethanol) 450 ml,.,.,องค์การเภสัชกรรม
431,800133,GPO ALCOHOL 450ML,RUBBING ALCOHOL 70%v/v (ethanol) 450 ml,.,.,องค์การเภสัชกรรม
432,669547,PCECID(แทนERIC8จุด)1ML,LYSSAVAC N BERNA,.,.,SWISS SERUM AND VACCINE INSTITUTE
433,669547,PCECID(แทนERIC8จุด)1ML,LYSSAVAC N BERNA,.,.,SWISS SERUM AND VACCINE INSTITUTE
434,669547,PCECID(แทนERIC4จุด)1ML,LYSSAVAC N BERNA,.,.,SWISS SERUM AND VACCINE INSTITUTE
435,669547,PCECID(แทนERIC4จุด)1ML,LYSSAVAC N BERNA,.,.,SWISS SERUM AND VACCINE INSTITUTE
436,634917,SALBUTAMOLSOL(ขวด),ASMASAL,5.00E-03,ขวด,ไอ.ดี.เอส. แมนูแฟคเจอริ่ง
437,634917,SALBUTAMOLSOL(ขวด),ASMASAL,5.00E-03,ขวด,ไอ.ดี.เอส. แมนูแฟคเจอริ่ง
438,399718,nortriptyline,NORTYLINE,25 mg.,เม็ด,ฟาร์มาสันต์แล็บบอราตอรี่ส์
439,399718,nortriptyline,NORTYLINE,25 mg.,เม็ด,ฟาร์มาสันต์แล็บบอราตอรี่ส์
440,557261,D-5-W500ML,5% DEXTROSE INJECTION B.P.,DEXTROSE 5 G/100 ML INJECTION,.,บริษัท ไทยโอซูก้า จำกัด
441,557261,D-5-W500ML,5% DEXTROSE INJECTION B.P.,DEXTROSE 5 G/100 ML INJECTION,.,บริษัท ไทยโอซูก้า จำกัด
442,394658,nortriptyline,ORTRIP 10,10 mg.,เม็ด,บริษัท ฟาร์มาสันต์แล็บบอราตอรี่ส์จำกัด
443,394658,nortriptyline,ORTRIP 10,10 mg.,เม็ด,บริษัท ฟาร์มาสันต์แล็บบอราตอรี่ส์จำกัด
444,669547,PCEC.INJ.ID1จุดBOOSTERDOSE1,LYSSAVAC N BERNA,.,.,SWISS SERUM AND VACCINE INSTITUTE
445,669547,PCEC.INJ.ID1จุดBOOSTERDOSE1,LYSSAVAC N BERNA,.,.,SWISS SERUM AND VACCINE INSTITUTE
446,484169,CETIRIZINE,CISTAMINE,10 mg.,.,แอล.บี.เอส. แลบบอเรตอรี่
447,484169,CETIRIZINE,CISTAMINE,10 mg.,.,แอล.บี.เอส. แลบบอเรตอรี่
448,253756,ATENOLOL,PRENOLOL 50,50 mg.,.,เบอร์ลินฟาร์มาซูติคอลอินดัสตรี้
449,253756,ATENOLOL,PRENOLOL 50,50 mg.,.,เบอร์ลินฟาร์มาซูติคอลอินดัสตรี้
450,762684,RABIESANTISERUM(ERIC)1000 IU/5 ml,TRCS ERIG (TRCS ANTIRABIES SERUM),1000 IU/5,IU,สถานเสาวภา สภากาชาดไทย
451,762684,RABIESANTISERUM(ERIC)1000 IU/5 ml,TRCS ERIG (TRCS ANTIRABIES SERUM),1000 IU/5,IU,สถานเสาวภา สภากาชาดไทย
452,413078,ROXITROMICIN150MG4315.,COROXIN,.,.,โปลิฟาร์ม
453,413078,ROXITROMICIN150MG4315.,COROXIN,.,.,โปลิฟาร์ม
454,413078,roxithromycin,POLIROXIN,150 mg,1 tablet,โปลิฟาร์ม
455,329812,Fluconazole,FLUCONAZOLE CAPSULES 200 mg 15x4s (FLUZORAL),200 mg.,เม็ด,องค์การเภสัชกรรม
456,329812,Fluconazole,FLUCONAZOLE CAPSULES 200 mg 15x4s (FLUZORAL),200 mg.,เม็ด,องค์การเภสัชกรรม
457,117308,SIMVASTATIN20MG4372.,SIMVASTATIN TABLETS 20 mg 10x10s (ZIMVA),mg.,เม็ด,เบอร์ลินฟาร์มาซูติคอลอินดัสตรี้
458,117308,SIMVASTATIN20MG4372.,SIMVASTATIN TABLETS 20 mg 10x10s (ZIMVA),mg.,เม็ด,เบอร์ลินฟาร์มาซูติคอลอินดัสตรี้
459,790677,tramcinolonoralpast,ORAL-T,1.00E-03,ซอง,นิด้า ฟาร์มา
460,790677,tramcinolonoralpast,ORAL-T,1.00E-03,ซอง,นิด้า ฟาร์มา
461,790677,triamcinolone acetonide,TRINOLONE ORAL PASTE,100 mg/100 g,1 g sachet,นิด้า ฟาร์มา
462,786371,triamcinolone acetonide,KANOLONE,100 mg/100 g,1 g sachet,แอล.บี.เอส. แลบบอเรตอรี่
463,311394,Dicloxacillin,DICLOXACILLIN CAPSULES,250 mg.,เม็ด,ชุมชนเภสัชกรรม
464,311394,Dicloxacillin,DICLOXACILLIN CAPSULES,250 mg.,เม็ด,ชุมชนเภสัชกรรม
465,767638,dicloxacillin,GPO DICLOX,250 mg,เม็ด,องค์การเภสัชกรรม
466,689255,PROPANOLOL10MG1364.,PROPRANOLOL TABLETS 10 mg 1000s,10 mg.,.,องค์การเภสัชกรรม
467,689255,PROPANOLOL10MG1364.,PROPRANOLOL TABLETS 10 mg 1000s,10 mg.,.,องค์การเภสัชกรรม
468,737792,CALCIUM,CALCARBONATE,1250 mg.,เม็ด,มิลลิเมด
469,737792,CALCIUM,CALCARBONATE,1250 mg.,เม็ด,มิลลิเมด
470,108641,AMLODIPINE,AMLODIPINE TABLETS 10 mg 100s (AMBES),10 mg.,เม็ด,เบอร์ลินฟาร์มาซูติคอลอินดัสตรี้
471,108641,AMLODIPINE,AMLODIPINE TABLETS 10 mg 100s (AMBES),10 mg.,เม็ด,เบอร์ลินฟาร์มาซูติคอลอินดัสตรี้
472,227087,Ethambutol,LAMBUTOL 500 MG.,500 mg.,เม็ด,บริษัทโรงงานเภสัชกรรม แอตแลนติค จำกัด
473,227087,Ethambutol,LAMBUTOL 500 MG.,500 mg.,เม็ด,บริษัทโรงงานเภสัชกรรม แอตแลนติค จำกัด
474,658362,Insulin,HUMULIN R,100 units/ml.,unit,LILLY PHARMA FERTIGUNG UND DISTRIBUTION GmbH & CO. KG.
475,658362,Insulin,HUMULIN R,100 units/ml.,unit,LILLY PHARMA FERTIGUNG UND DISTRIBUTION GmbH & CO. KG.
476,658362,insulin human,HUMULIN R,100 iu/1 mL,10 mL vial,"LILLY PHARMA, GERMANY"
477,346833,PRAZOSIN1MG,HYPOPRESS,mg.,เม็ด,นิด้า ฟาร์มา
478,346833,PRAZOSIN1MG,HYPOPRESS,mg.,เม็ด,นิด้า ฟาร์มา
479,527174,SALBUTAMOL,SULBUTA - N 2.5 MG.,0.5 mg./ml.,ครั้ง,"MEDISPRAY LABORATORIES, INDIA"
480,527174,SALBUTAMOL,SULBUTA - N 2.5 MG.,0.5 mg./ml.,ครั้ง,"MEDISPRAY LABORATORIES, INDIA"
481,104539,OMEPRAZOLE,MIRACID,20,เม็ด,แอตแลนติค
482,104539,OMEPRAZOLE,MIRACID,20,เม็ด,แอตแลนติค
483,762008,ORS รสส้ม,BABI-LYTE,5 g.,ซอง,ซีฟาม
484,762008,ORS รสส้ม,BABI-LYTE,5 g.,ซอง,ซีฟาม
485,461934,Tramadol,TRAMADOL,50 mg.,เม็ด,ยูโทเปี้ยน
486,461934,Tramadol,TRAMADOL,50 mg.,เม็ด,ยูโทเปี้ยน
487,672997,TatanusToxoidVaccine,TETANUS TOXOID VACCINE ADSORBED,ml.,Amphule,SERUM INSTITUTE OF INDIA LTD.
488,672997,TatanusToxoidVaccine,TETANUS TOXOID VACCINE ADSORBED,ml.,Amphule,SERUM INSTITUTE OF INDIA LTD.
489,515140,Teramycineyeointment,TERRAMYCIN (OPHTHALMIC OINTMENT),5 mg.,หลอด,P.T. PFIZER INDONESIA
490,515140,Teramycineyeointment,TERRAMYCIN (OPHTHALMIC OINTMENT),5 mg.,หลอด,P.T. PFIZER INDONESIA
491,664655,TRIAMCINOLONACETONIDE,KANOLONE-F,50 mg/5ml,Amphule,แอล.บี.เอส. แลบบอเรตอรี่
492,664655,TRIAMCINOLONACETONIDE,KANOLONE-F,50 mg/5ml,Amphule,แอล.บี.เอส. แลบบอเรตอรี่
493,937141,sodium bicarbonate,GUTTAE ALKALINE,5 g/100 mL,30 mL bottle,โรงพยาบาลสมเด็จพระนางเจ้าสิริกิติ์
494,716913,ฟ้าทะทลายโจร,FA-THALAI-CHON,450 mg.,เม็ด,ผลิตภัณฑ์สมุนไพรไทย
495,716913,ฟ้าทะทลายโจร,FA-THALAI-CHON,450 mg.,เม็ด,ผลิตภัณฑ์สมุนไพรไทย
496,714751,ขมิ้นชัน,CURMIN,450 mg.,เม็ด,ผลิตภัณฑ์สมุนไพรไทย
497,714751,ขมิ้นชัน,CURMIN,450 mg.,เม็ด,ผลิตภัณฑ์สมุนไพรไทย
498,655263,ZIDOVUDINE,ZIDOVUDINE CAPSULES 300 mg 1s (ANTIVIR),mg.,เม็ด,องค์การเภสัชกรรม
499,655263,ZIDOVUDINE,ZIDOVUDINE CAPSULES 300 mg 1s (ANTIVIR),mg.,เม็ด,องค์การเภสัชกรรม
500,641690,ZIDOVUDINESYR 60 ML(AZTSYR),ZIDOVUDINE SYRUP 10mg/ ml 200 ml(ANTIVIR),mg./ml.,ขวด,องค์การเภสัชกรรม
501,641690,ZIDOVUDINESYR 60 ML(AZTSYR),ZIDOVUDINE SYRUP 10mg/ ml 200 ml(ANTIVIR),mg./ml.,ขวด,องค์การเภสัชกรรม
502,659853,NEVIRAPINESUSP.60ML,NEVIRAPINE FOR ORAL SUSPENSION 10mg/ml(NERAVIR),10 mg./ml.,ขวด (60 ml.),องค์การเภสัชกรรม
503,659853,NEVIRAPINESUSP.60ML,NEVIRAPINE FOR ORAL SUSPENSION 10mg/ml(NERAVIR),10 mg./ml.,ขวด (60 ml.),องค์การเภสัชกรรม
504,339530,GPO-VIRS30,NEVIRAPINE 200 mg - LAMIVUDINE 150 mg - STAVUDINE 30 mg TABLETS 60s(GPO-VIR S30 for PEPFAR),30 mg.,เม็ด,องค์การเภสัชกรรม
505,339530,GPO-VIRS30,NEVIRAPINE 200 mg - LAMIVUDINE 150 mg - STAVUDINE 30 mg TABLETS 60s(GPO-VIR S30 for PEPFAR),30 mg.,เม็ด,องค์การเภสัชกรรม
506,658013,GPO-Z250MG,NEVIRAPINE 200 mg - LAMIVUDINE 150 mg - STAVUDINE 30 mg TABLETS 60s(GPO-VIR S30 for PEPFAR),250 mg.,เม็ด,องค์การเภสัชกรรม
507,658013,GPO-Z250MG,NEVIRAPINE 200 mg - LAMIVUDINE 150 mg - STAVUDINE 30 mg TABLETS 60s(GPO-VIR S30 for PEPFAR),250 mg.,เม็ด,องค์การเภสัชกรรม
508,661597,STAVUDINE30MG(d4T),STAVUDINE CAPSULES 30 mg 60S (STAVIR),30 mg.,เม็ด,องค์การเภสัชกรรม
509,661597,STAVUDINE30MG(d4T),STAVUDINE CAPSULES 30 mg 60S (STAVIR),30 mg.,เม็ด,องค์การเภสัชกรรม
510,695701,EFAVIRENZ,EFAVIRENZ TABLETS 600 MG,600 mg.,เม็ด,RANBAXY LABORATORIES LIMITED
511,695701,EFAVIRENZ,EFAVIRENZ TABLETS 600 MG,600 mg.,เม็ด,RANBAXY LABORATORIES LIMITED
512,658888,LAMIVUDINE150MG(3TC),LAMIVUDINE TABLETS 300 mg 30s (LAMIVIR),150 mg.,เม็ด,องค์การเภสัชกรรม
513,658888,LAMIVUDINE150MG(3TC),LAMIVUDINE TABLETS 300 mg 30s (LAMIVIR),150 mg.,เม็ด,องค์การเภสัชกรรม
514,659807,NEVIRAPINE200MG(NVP),NERAVIR TABLETS 200 mg 60s (NEVIRAPINE),200 mg.,เม็ด,องค์การเภสัชกรรม
515,659807,NEVIRAPINE200MG(NVP),NERAVIR TABLETS 200 mg 60s (NEVIRAPINE),200 mg.,เม็ด,องค์การเภสัชกรรม
516,360056,CEPHALEXIN,LEXPORIN,500 mg.,เม็ด,นิด้า ฟาร์มา
517,360056,CEPHALEXIN,LEXPORIN,500 mg.,เม็ด,นิด้า ฟาร์มา
518,672852,TT VACCINE IM 0.5 CC DOSE 2(เก็บให้พ้นแสง),TETANUS TOXOID VACCINE ADSORBED,ml.,Amphule,SERUM INSTITUTE OF INDIA LTD.
519,672852,TT VACCINE IM 0.5 CC DOSE 2(เก็บให้พ้นแสง),TETANUS TOXOID VACCINE ADSORBED,ml.,Amphule,SERUM INSTITUTE OF INDIA LTD.
520,672852,TTVACCINE0.5CCDOSE3,TETANUS TOXOID VACCINE ADSORBED,ml.,Amphule,SERUM INSTITUTE OF INDIA LTD.
521,672852,TTVACCINE0.5CCDOSE3,TETANUS TOXOID VACCINE ADSORBED,ml.,Amphule,SERUM INSTITUTE OF INDIA LTD.
522,672852,TTVACCINE0.5CCBOOSTER,TETANUS TOXOID VACCINE ADSORBED,ml.,Amphule,SERUM INSTITUTE OF INDIA LTD.
523,672852,TTVACCINE0.5CCBOOSTER,TETANUS TOXOID VACCINE ADSORBED,ml.,Amphule,SERUM INSTITUTE OF INDIA LTD.
524,669547,PCECINJ.ID1จุดBOOSTERDOSE2,LYSSAVAC N BERNA,2.5 iu.,Vial,SWISS SERUM AND VACCINE INSTITUTE
525,669547,PCECINJ.ID1จุดBOOSTERDOSE2,LYSSAVAC N BERNA,2.5 iu.,Vial,SWISS SERUM AND VACCINE INSTITUTE
526,669547,PCECINJ.ID2จุดDOSE2,LYSSAVAC N BERNA,.,.,SWISS SERUM AND VACCINE INSTITUTE
527,669547,PCECINJ.ID2จุดDOSE2,LYSSAVAC N BERNA,.,.,SWISS SERUM AND VACCINE INSTITUTE
528,669547,PCECINJ.ID2จุดDOSE3,LYSSAVAC N BERNA,.,.,SWISS SERUM AND VACCINE INSTITUTE
529,669547,PCECINJ.ID2จุดDOSE3,LYSSAVAC N BERNA,.,.,SWISS SERUM AND VACCINE INSTITUTE
530,669547,PCECINJ.ID2จุดDOSE4,LYSSAVAC N BERNA,.,.,SWISS SERUM AND VACCINE INSTITUTE
531,669547,PCECINJ.ID2จุดDOSE4,LYSSAVAC N BERNA,.,.,SWISS SERUM AND VACCINE INSTITUTE
532,529878,BeradualNB,INHALEX FORTE,.,.,สีลมการแพทย์
533,529878,BeradualNB,INHALEX FORTE,.,.,สีลมการแพทย์
534,529813,Beradualsolution20ml,INHALEX FORTE,.,.,สีลมการแพทย์
535,529813,Beradualsolution20ml,INHALEX FORTE,.,.,สีลมการแพทย์
536,655285,ZIDOVUDINE100MG(AZT100),ZIDOVUDINE CAPSULES 100 mg 100s (ANTIVIR),mg.,.,องค์การเภสัชกรรม
537,655285,ZIDOVUDINE100MG(AZT100),ZIDOVUDINE CAPSULES 100 mg 100s (ANTIVIR),mg.,.,องค์การเภสัชกรรม
538,554019,CLINDAMYCININJ.,CLINDAVID,150 mg.,Amphule (2 ml.),มิลลิเมด
539,554019,CLINDAMYCININJ.,CLINDAVID,150 mg.,Amphule (2 ml.),มิลลิเมด
540,866687,chlorhexidine gluconate,HIBI-5,5 g/100 mL,240 mL bottle,สหแพทย์เภสัช
541,563502,INSULINMIXTARD30PENFILL,NOVORAPID PENFILL,100 iu./ml.,3 ML,NOVO NORDISK A/S
542,563502,INSULINMIXTARD30PENFILL,NOVORAPID PENFILL,100 iu./ml.,3 ML,NOVO NORDISK A/S
543,664526,AMIODARONE,CORDARONE,50 mg./ml.,Amphule,SANOFI WINTHROP INDUSTRIE
544,664526,AMIODARONE,CORDARONE,50 mg./ml.,Amphule,SANOFI WINTHROP INDUSTRIE
545,519476,amiodarone hydrochloride,EURYTHMIC,150 mg/3 mL,3 mL ampoule,"TROIKAA PHARMACEUTICALS, INDIA"
546,689467,calciumpolystyrenesulfonate,KALIMATE,5 g.,ซอง (5 g.),KOWA COMPANY LTD.
547,689467,calciumpolystyrenesulfonate,KALIMATE,5 g.,ซอง (5 g.),KOWA COMPANY LTD.
548,543175,CEFAZOLININJ.,CEFZOLIN,1 g./ml.,Vial (5 ml.),ยูโทเปี้ยน
549,543175,CEFAZOLININJ.,CEFZOLIN,1 g./ml.,Vial (5 ml.),ยูโทเปี้ยน
550,115994,GEMFIBROZIL,POLYXIT,600 mg.,เม็ด,เบอร์ลินฟาร์มาซูติคอลอินดัสตรี้
551,115994,GEMFIBROZIL,POLYXIT,600 mg.,เม็ด,เบอร์ลินฟาร์มาซูติคอลอินดัสตรี้
552,539900,ampicillin,AMPICILLIN,250 mg,250 mg vial,เยนเนอร์ราลดรั๊กส์เฮ้าส์
553,658481,INDINAVIR,CRIXIVAN,200 mg.,แค็บซูล,MERCK & CO. INC.
554,658481,INDINAVIR,CRIXIVAN,200 mg.,แค็บซูล,MERCK & CO. INC.
555,394796,RITONAVIR,NORVIR,100 mg.,เม็ด,R.P.SCHERER NORTH AMERICA FOR ABBOTT LABORATORIES
556,394796,RITONAVIR,NORVIR,100 mg.,เม็ด,R.P.SCHERER NORTH AMERICA FOR ABBOTT LABORATORIES
557,673014,HepatitisBvaccine,HEPATITIS B VACCINE RECOMBINANT,0.1 mg./ml.,dose,LG CHEMICAL LTD.
558,673014,HepatitisBvaccine,HEPATITIS B VACCINE RECOMBINANT,0.1 mg./ml.,dose,LG CHEMICAL LTD.
559,672921,Diptheria-Pertussive-Tetanus,"DIPHTHERIA, TETANUS, PERTUSSIS VACCINE ADSORBED",1 u.,dose,"SERUM INSTITUTE, INDIA"
560,672921,Diptheria-Pertussive-Tetanus,"DIPHTHERIA, TETANUS, PERTUSSIS VACCINE ADSORBED",1 u.,dose,"SERUM INSTITUTE, INDIA"
561,669801,OPV,ORAL POLIOMYELITIS VACCINE 2 ml ampule (วัคซีนป้องกันโรคโปลีโอ),1 u.,dose,"SANOFI PASTEUR, FRANCE"
562,669801,OPV,ORAL POLIOMYELITIS VACCINE 2 ml ampule (วัคซีนป้องกันโรคโปลีโอ),1 u.,dose,"SANOFI PASTEUR, FRANCE"
563,362610,LOPINAVIR+RITONAVIR,LOPINAVIR/RITONAVIR TABLETS 200 MG / 50 MG,200/50 mg.,แค็บซูล,MATRIX LABORATORIES LIMITED
564,362610,LOPINAVIR+RITONAVIR,LOPINAVIR/RITONAVIR TABLETS 200 MG / 50 MG,200/50 mg.,แค็บซูล,MATRIX LABORATORIES LIMITED
565,658434,INDINAVIR,CRIXIVAN,400 mg.,เม็ด,MERCK & CO. INC.
566,658434,INDINAVIR,CRIXIVAN,400 mg.,เม็ด,MERCK & CO. INC.
567,252141,aspirin,ANASSA ENTERIC COATED TABLETS,81 mg.,เม็ด,ที.โอ. เคมีคอลส์
568,252141,aspirin,ANASSA ENTERIC COATED TABLETS,81 mg.,เม็ด,ที.โอ. เคมีคอลส์
569,845184,aspirin,ASPREX 81,81 mg,1 tablet,โอสถอินเตอร์ แลบบอราทอรีส์
570,240523,amoxycillin 500mg,GPO MOX,500 mg.,แค็บซูล,องค์การเภสัชกรรม
571,240523,amoxycillin 500mg,GPO MOX,500 mg.,แค็บซูล,องค์การเภสัชกรรม
572,769528,LIDOCAINESPRAY,XYLOCAINE 10% SPRAY,u.,.,ASTRAZENECA AB
573,769528,LIDOCAINESPRAY,XYLOCAINE 10% SPRAY,u.,.,ASTRAZENECA AB
574,672852,DIPTHERIA-TETANUSVACCINE,DIPHTHERIA AND TETANUS VACCINE ADSORBED FOR ADULTS AND ADOLESCENTS,u.,.,"SERUM INSTITUTE, INDIA"
575,672852,DIPTHERIA-TETANUSVACCINE,DIPHTHERIA AND TETANUS VACCINE ADSORBED FOR ADULTS AND ADOLESCENTS,u.,.,"SERUM INSTITUTE, INDIA"
576,715038,ครีมพยายอ,PHAYAYO,5 g.,หลอด (5 g.),ผลิตภัณฑ์สมุนไพรไทย
577,715038,ครีมพยายอ,PHAYAYO,5 g.,หลอด (5 g.),ผลิตภัณฑ์สมุนไพรไทย
578,332117,FluoxetineHCl,OXETINE 20,20 mg.,เม็ด,สหแพทย์เภสัช
579,332117,FluoxetineHCl,OXETINE 20,20 mg.,เม็ด,สหแพทย์เภสัช
580,339422,OSELTAMIVIR75MG,GPO-A-FLU,75 mg.,TAB,องค์การเภสัชกรรม
581,339422,OSELTAMIVIR75MG,GPO-A-FLU,75 mg.,TAB,องค์การเภสัชกรรม
582,779664,tenofovir,VIREAD (TENOFOVIR DISOPROXIL FUMARATE)TABLETS 300 MG.,300,1,PATHEON INC.
583,779664,tenofovir,VIREAD (TENOFOVIR DISOPROXIL FUMARATE)TABLETS 300 MG.,300,1,PATHEON INC.
584,742490,PHENOBABITAL30MG,PHENOBARBITAL TAB. 30 MG.,30 mg.,เม็ด,แอคดอน
585,742490,PHENOBABITAL30MG,PHENOBARBITAL TAB. 30 MG.,30 mg.,เม็ด,แอคดอน
586,742490,phenobarbital,PHENOBARBITONE,30 mg,1 tablet,องค์การเภสัชกรรม
587,420245,TRIFLUOPERZINE,PSYRAZINE,5 mg.,เม็ด,ยูโทเปี้ยน
588,420245,TRIFLUOPERZINE,PSYRAZINE,5 mg.,เม็ด,ยูโทเปี้ยน
589,829021,waterforirrigate1000ml,WATER FOR INJECTIONS B.P.,1000 ml.,ขวด (1 000 ml.),B.BRAUN MEDICAL INDUSTRIES SDN. BHD.
590,829021,waterforirrigate1000ml,WATER FOR INJECTIONS B.P.,1000 ml.,ขวด (1 000 ml.),B.BRAUN MEDICAL INDUSTRIES SDN. BHD.
591,813310,absolutealcohol95%,ALCOHOL 95% (Ethyl Alcohol),0.95,ขวด (450 ml.),เภสัชกรรมทหาร
592,813310,absolutealcohol95%,ALCOHOL 95% (Ethyl Alcohol),0.95,ขวด (450 ml.),เภสัชกรรมทหาร
593,813310,absolutealcohol95%,ALCOHOL 95% (Ethyl Alcohol),0.95,ขวด (450 ml.),เภสัชกรรมทหาร
594,813310,absolutealcohol95%,ALCOHOL 95% (Ethyl Alcohol),0.95,ขวด (450 ml.),เภสัชกรรมทหาร
595,689238,PROPANOLOL40MG,PROPRANOLOL TABLETS 40 MG 1000s,40,เม็ด,องค์การเภสัชกรรม
596,689238,PROPANOLOL40MG,PROPRANOLOL TABLETS 40 MG 1000s,40,เม็ด,องค์การเภสัชกรรม
597,664638,Triamcinoloneinj.+Lidocaine,KANOLONE,0.1 ml.,ซีซี,แอล.บี.เอส. แลบบอเรตอรี่
598,664638,Triamcinoloneinj.+Lidocaine,KANOLONE,0.1 ml.,ซีซี,แอล.บี.เอส. แลบบอเรตอรี่
599,669450,VERORAB id 2 จุด dose I (day 0),VERORAB,0.5 iu./0.1ml.,Vial,SANOFI PASTEUR S.A.
600,669450,VERORAB id 2 จุด dose I (day 0),VERORAB,0.5 iu./0.1ml.,Vial,SANOFI PASTEUR S.A.
601,790886,VERORABid2จุดdoseII(day3),LYSSAVAC N BERNA,0.5 iu./0.1ml.,Vial,BERNA BIOTECH LTD.
602,790886,VERORABid2จุดdoseII(day3),LYSSAVAC N BERNA,0.5 iu./0.1ml.,Vial,BERNA BIOTECH LTD.
603,790886,VERORABid2จุดdoseIII(day7),LYSSAVAC N BERNA,0.5 iu./0.1ml.,Vial,BERNA BIOTECH LTD.
604,790886,VERORABid2จุดdoseIII(day7),LYSSAVAC N BERNA,0.5 iu./0.1ml.,Vial,BERNA BIOTECH LTD.
605,790886,VERORABid1จุดdoseIV(day30),LYSSAVAC N BERNA,0.5 iu./0.1ml.,Vial,BERNA BIOTECH LTD.
606,790886,VERORABid1จุดdoseIV(day30),LYSSAVAC N BERNA,0.5 iu./0.1ml.,Vial,BERNA BIOTECH LTD.
607,790886,VERORABid1จุดdoseV(day90),LYSSAVAC N BERNA,0.5 iu./0.1ml.,Vial,BERNA BIOTECH LTD.
608,790886,VERORABid1จุดdoseV(day90),LYSSAVAC N BERNA,0.5 iu./0.1ml.,Vial,BERNA BIOTECH LTD.
609,790886,VERORABidbooster,VERORAB,0.5 iu./0.1ml.,Vial,SANOFI PASTEUR S.A.
610,790886,VERORABidbooster,VERORAB,0.5 iu./0.1ml.,Vial,SANOFI PASTEUR S.A.
611,669450,VERORABim1จุดdoseI(day0),VERORAB,2.5 iu./0.5ml.,Vial,SANOFI PASTEUR S.A.
612,669450,VERORABim1จุดdoseI(day0),VERORAB,2.5 iu./0.5ml.,Vial,SANOFI PASTEUR S.A.
613,790886,VERORABim1จุดdoseII(day3),VERORAB,2.5 iu./0.5ml.,Vial,SANOFI PASTEUR S.A.
614,790886,VERORABim1จุดdoseII(day3),VERORAB,2.5 iu./0.5ml.,Vial,SANOFI PASTEUR S.A.
615,790886,VERORABim1จุดdoseIII(day7),VERORAB,2.5 iu./0.5ml.,Vial,SANOFI PASTEUR S.A.
616,790886,VERORABim1จุดdoseIII(day7),VERORAB,2.5 iu./0.5ml.,Vial,SANOFI PASTEUR S.A.
617,790886,VERORABim1จุดdoseIV(day14),VERORAB,2.5 iu./0.5ml.,Vial,SANOFI PASTEUR S.A.
618,790886,VERORABim1จุดdoseIV(day14),VERORAB,2.5 iu./0.5ml.,Vial,SANOFI PASTEUR S.A.
619,790886,VERORABim1จุดdoseV(day30),VERORAB,2.5 iu./0.5ml.,Vial,SANOFI PASTEUR S.A.
620,790886,VERORABim1จุดdoseV(day30),VERORAB,2.5 iu./0.5ml.,Vial,SANOFI PASTEUR S.A.
621,658888,lamivudine300mg,LAMIVUDINE TABLETS 300 mg 30s (LAMIVIR),300 mg.,เม็ด,องค์การเภสัชกรรม
622,658888,lamivudine300mg,LAMIVUDINE TABLETS 300 mg 30s (LAMIVIR),300 mg.,เม็ด,องค์การเภสัชกรรม
623,536245,ACETLCYSTEINE,ACETIN,300 mg.,Amphule,แอล.บี.เอส. แลบบอเรตอรี่
624,536245,ACETLCYSTEINE,ACETIN,300 mg.,Amphule,แอล.บี.เอส. แลบบอเรตอรี่
625,737414,ferrous+iodine+folic,TRIFERDINE,mg.,เม็ด,องค์การเภสัชกรรม
626,737414,ferrous+iodine+folic,TRIFERDINE,mg.,เม็ด,องค์การเภสัชกรรม
627,673014,HEPATITISVACCINEINJ,SHANVAC -B,20 u.,Vial,SHANTHA BIOTECHNICS LIMITED
628,673014,HEPATITISVACCINEINJ,SHANVAC -B,20 u.,Vial,SHANTHA BIOTECHNICS LIMITED
629,673014,HEPATITISVACCINEINJ.,SHANVAC -B,20 u.,Vial,SHANTHA BIOTECHNICS LIMITED
630,673014,HEPATITISVACCINEINJ.,SHANVAC -B,20 u.,Vial,SHANTHA BIOTECHNICS LIMITED
631,117455,ยาใช้เฉพาะclinicARVsimvastatin10mg,SIMVASTATIN TABLETS 10 mg 10x10s (ZIMVA),10 mg.,เม็ด,องค์การเภสัชกรรม
632,117455,ยาใช้เฉพาะclinicARVsimvastatin10mg,SIMVASTATIN TABLETS 10 mg 10x10s (ZIMVA),10 mg.,เม็ด,องค์การเภสัชกรรม
633,346563,Spironolactone100mg,HYLES 100,100 mg.,เม็ด,เบอร์ลินฟาร์มาซูติคอลอินดัสตรี้
634,346563,Spironolactone100mg,HYLES 100,100 mg.,เม็ด,เบอร์ลินฟาร์มาซูติคอลอินดัสตรี้
635,242058,Amoxycillin875mg+Clavulanicacid125mg,CAVUMOX 1 G. TABLET,"AMOXICILLIN+CLAVULANIC ACID 875 MG+125 MG TABLET, FILM COATED",เม็ด,บริษัท สยามเภสัช จำกัด
636,242058,Amoxycillin875mg+Clavulanicacid125mg,CAVUMOX 1 G. TABLET,"AMOXICILLIN+CLAVULANIC ACID 875 MG+125 MG TABLET, FILM COATED",เม็ด,บริษัท สยามเภสัช จำกัด
637,669450,VERORAB8จุด,VERORAB,0.5 iu,Amphule (1 ml.),SANOFI PASTEUR S.A.
638,669450,VERORAB8จุด,VERORAB,0.5 iu,Amphule (1 ml.),SANOFI PASTEUR S.A.
639,669450,VERORAB,VERORAB,0.5 IU,Amphule (1 ml.),SANOFI PASTEUR S.A.
640,669450,VERORAB,VERORAB,0.5 IU,Amphule (1 ml.),SANOFI PASTEUR S.A.
641,669450,VERORAB,VERORAB,0.5 IU,Amphule (1 ml.),SANOFI PASTEUR S.A.
642,669450,VERORAB,VERORAB,0.5 IU,Amphule (1 ml.),SANOFI PASTEUR S.A.
643,669450,VERORAB,VERORAB,0.5 IU,Amphule (1 ml.),SANOFI PASTEUR S.A.
644,669450,VERORAB,VERORAB,0.5 IU,Amphule (1 ml.),SANOFI PASTEUR S.A.
645,825088,HCTZ25MG,DCT - 25,25 mg.,เม็ด,ที.โอ. เคมีคอลส์ (สาขา2)
646,825088,HCTZ25MG,DCT - 25,25 mg.,เม็ด,ที.โอ. เคมีคอลส์ (สาขา2)
647,907729,hydrochlorothiazide,GPO-HCTZ,12.5 mg,1 tablet,องค์การเภสัชกรรม
648,373897,BETAHISTINEMESYLATE,MERTIGO,6 mg.,เม็ด,เภสัชกรรมศรีประสิทธิ์
649,373897,BETAHISTINEMESYLATE,MERTIGO,6 mg.,เม็ด,เภสัชกรรมศรีประสิทธิ์
650,373493,procaterol,MEPTIN,50 mcg,เม็ด,"CHINA OTSUKA PHARMACEUTICAL, CHINA"
651,346776,METOPROLOLTARTRATE100MG,MELOL TABLETS,100 mg.,เม็ด,นิด้า ฟาร์มา
652,346776,METOPROLOLTARTRATE100MG,MELOL TABLETS,100 mg.,เม็ด,นิด้า ฟาร์มา
653,669198,influenzavaccine,INFLUENZA VACCINE,0.5 ml.,dose,SANOFI PASTEUR S.A.
654,669198,influenzavaccine,INFLUENZA VACCINE,0.5 ml.,dose,SANOFI PASTEUR S.A.
655,114112,losartan50mg,LORANTA 50 MG. TABLET,50 mg.,เม็ด,องค์การเภสัชกรรม
656,114112,losartan50mg,LORANTA 50 MG. TABLET,50 mg.,เม็ด,องค์การเภสัชกรรม
657,106908,CLOPIDOGREL BISULFATE USP75MG,CLOPIDOGREL TABLETS 75 MG,75 mg.,เม็ด,Emcure pharmaceuticals ltd
658,106908,CLOPIDOGREL BISULFATE USP75MG,CLOPIDOGREL TABLETS 75 MG,75 mg.,เม็ด,Emcure pharmaceuticals ltd
659,737255,risperidone,RISPERIDONE GPO,2 mg,.,องค์การเภสัชกรรม
660,662455,3TC+AZT,ZIDOVUDINE 300 MG-LAMIVUDINE 150 mg TABLETS 60s (ZILARVIR),150+300 mg.,เม็ด,องค์การเภสัชกรรม
661,662455,3TC+AZT,ZIDOVUDINE 300 MG-LAMIVUDINE 150 mg TABLETS 60s (ZILARVIR),150+300 mg.,เม็ด,องค์การเภสัชกรรม
662,737255,risperidone,RISPERIDONE GPO,2 mg,เม็ด,องค์การเภสัชกรรม
663,107134,ENOXAPARINSODIUM,CLEXANE FORTE(SYRINGES),60 mg.,Amphule,AVENTIS INTERCONTINENTAL
664,107134,ENOXAPARINSODIUM,CLEXANE FORTE(SYRINGES),60 mg.,Amphule,AVENTIS INTERCONTINENTAL
665,715732,Glycerylguaiaculate(เก็บพ้นแสง),GLYCOLATE,100 mg.,เม็ด,ฟาร์มาสันต์แล็บบอราตอรี่ส์
666,715732,Glycerylguaiaculate(เก็บพ้นแสง),GLYCOLATE,100 mg.,เม็ด,ฟาร์มาสันต์แล็บบอราตอรี่ส์
667,731468,potassiumchloride500mg/5ml,KAYLYTE,500 mg.,ขวด (60 ml.),สหแพทย์เภสัช
668,731468,potassiumchloride500mg/5ml,KAYLYTE,500 mg.,ขวด (60 ml.),สหแพทย์เภสัช
669,715616,ferrousfumarate,I - RON,200 mg.,1,ฟาร์มาสันต์แล็บบอราตอรี่ส์
670,715616,ferrousfumarate,I - RON,200 mg.,1,ฟาร์มาสันต์แล็บบอราตอรี่ส์
671,469102,pogltazoneHCL,UTMOS 30,30 mg.,1,เบอร์ลินฟาร์มาซูติคอลอินดัสตรี้
672,469102,pogltazoneHCL,UTMOS 30,30 mg.,1,เบอร์ลินฟาร์มาซูติคอลอินดัสตรี้
673,554019,Clindamycininj.,CLINDAVID,150 mg.,Vial,LEMERY MEXICO
674,554019,Clindamycininj.,CLINDAVID,150 mg.,Vial,LEMERY MEXICO
675,764124,seretideevohaler25/250mcg120dose,SERETIDE EVOHALER (25/250 ),25/250 mcg./dos,กล่อง,GLAXO WELLCOME PRODUCTION (PACKED BY GLAXOSMITHKLINE AUSTRALIA PTY LTD BORONIA AUSTRALIA)
676,764124,seretideevohaler25/250mcg120dose,SERETIDE EVOHALER (25/250 ),25/250 mcg./dos,กล่อง,GLAXO WELLCOME PRODUCTION (PACKED BY GLAXOSMITHKLINE AUSTRALIA PTY LTD BORONIA AUSTRALIA)
677,532586,ยาน้ำแก้ไอมะขามป้อม60ซีซี,BROWN MIXTURE,60 ml.,ขวด (60 ml.),องค์การเภสัชกรรม
678,532586,ยาน้ำแก้ไอมะขามป้อม60ซีซี,BROWN MIXTURE,60 ml.,ขวด (60 ml.),องค์การเภสัชกรรม
679,469102,pioglitazone30mgtablet,UTMOS 30,30 mg.,เม็ด,เบอร์ลินฟาร์มาซูติคอลอินดัสตรี้
680,469102,pioglitazone30mgtablet,UTMOS 30,30 mg.,เม็ด,เบอร์ลินฟาร์มาซูติคอลอินดัสตรี้
681,476177,vitaminb6-pyridoxineHCL10mg,VITAMIN B - 6,50 mg.,เม็ด,ที.แมน. ฟาร์มา
682,476177,vitaminb6-pyridoxineHCL10mg,VITAMIN B - 6,50 mg.,เม็ด,ที.แมน. ฟาร์มา
683,715616,ferrousfumarate,FEMARATE,200 mg.,เม็ด,ฟาร์มาสันต์แล็บบอราตอรี่ส์
684,715616,ferrousfumarate,FEMARATE,200 mg.,เม็ด,ฟาร์มาสันต์แล็บบอราตอรี่ส์
685,763159,POVIDONEIODINE,IPODINE,"POVIDONE IODINE 10 %W/V SOLUTION, EXTERNAL",ขวด,องค์การเภสัชกรรม
686,763159,POVIDONEIODINE,IPODINE,"POVIDONE IODINE 10 %W/V SOLUTION, EXTERNAL",ขวด,องค์การเภสัชกรรม
687,790886,VerorabID2จุดDOSE4,ABHAYRAB,0.5 mg./ml.,Vial,HUMAN BIOLOGICALS INSTITUTE A DIVISION OF INDIAN IMMUNOLOGICALS LIMITED
688,790886,VerorabID2จุดDOSE4,ABHAYRAB,0.5 mg./ml.,Vial,HUMAN BIOLOGICALS INSTITUTE A DIVISION OF INDIAN IMMUNOLOGICALS LIMITED
689,532658,Clorazepatedip.,POLIZEP 5,5 mg.,เม็ด,โปลิฟาร์ม
690,532658,Clorazepatedip.,POLIZEP 5,5 mg.,เม็ด,โปลิฟาร์ม
691,353255,MORPHINESULFATE,KAPANOL 20,20 mg.,TAB,แกล็กโซสมิทไคล์น
692,353255,MORPHINESULFATE,KAPANOL 20,20 mg.,TAB,แกล็กโซสมิทไคล์น
693,611352,DICLOXACILLIN,DICLOXA OSOTH DRY SYRUP,125 mg.,BOTT,โอสถอินเตอร์ แลบบอราทอรีส์
694,611352,DICLOXACILLIN,DICLOXA OSOTH DRY SYRUP,125 mg.,BOTT,โอสถอินเตอร์ แลบบอราทอรีส์
695,611212,dicloxacillin,DI-K-CIL,62.5 mg/5 mL,60 mL bottle,ที.พี. ดรัก แลบบอราทอรี่ส์
696,812204,M.CARMINATIVE,CARMINATIVE MIXTURE,0.01,BOTT,เภสัชกรรมทหาร
697,812204,M.CARMINATIVE,CARMINATIVE MIXTURE,0.01,BOTT,เภสัชกรรมทหาร
698,392946,norflox,NORFLOCIN,200 mg.,เม็ด,ชุมชนเภสัชกรรม
699,392946,norflox,NORFLOCIN,200 mg.,เม็ด,ชุมชนเภสัชกรรม
700,669547,PCEC.INJ.ID1จุดBOOSTERDOSE2,LYSSAVAC N BERNA,. u.,Vial,SWISS SERUM AND VACCINE INSTITUTE
701,669547,PCEC.INJ.ID1จุดBOOSTERDOSE2,LYSSAVAC N BERNA,. u.,Vial,SWISS SERUM AND VACCINE INSTITUTE
702,131639,naproxen,NAPROXEN TABLETS 250 mg 50x10s,250 mg.,tab,องค์การเภสัชกรรม
703,131639,naproxen,NAPROXEN TABLETS 250 mg 50x10s,250 mg.,tab,องค์การเภสัชกรรม
704,562243,furosemide,LASIX 250 MG.,250 mg.,Amphule,AVENTIS PHARMA DEUTSCHLAND GmbH
705,562243,furosemide,LASIX 250 MG.,250 mg.,Amphule,AVENTIS PHARMA DEUTSCHLAND GmbH
706,562431,furosemide,LASIVEN,250 mg/25 mL,25 mL vial,ยูเมด้า
707,570853,MMRVACCINE(เด็ก9เดือน),MUMP MEASLES RUBELLA VACCINE(วัคซีนป้องกันโรคหัด คางทูมและหัดเยอรมัน),0.5 ml.,Vial,"MERCK SHARP & DOHME, U.S.A."
708,570853,MMRVACCINE(เด็ก9เดือน),MUMP MEASLES RUBELLA VACCINE(วัคซีนป้องกันโรคหัด คางทูมและหัดเยอรมัน),0.5 ml.,Vial,"MERCK SHARP & DOHME, U.S.A."
709,666253,budesonide,SONIDAR INHALER,200 mcg./dose,หลอด,GULF PHARMACEUTICAL INDUSTRIES (JULPHAR)
710,666253,budesonide,SONIDAR INHALER,200 mcg./dose,หลอด,GULF PHARMACEUTICAL INDUSTRIES (JULPHAR)
711,570853,mmrvaccine,MUMP MEASLES RUBELLA VACCINE(วัคซีนป้องกันโรคหัด คางทูมและหัดเยอรมัน),0.5 ml.,Amphule,"MERCK SHARP & DOHME, U.S.A."
712,570853,mmrvaccine,MUMP MEASLES RUBELLA VACCINE(วัคซีนป้องกันโรคหัด คางทูมและหัดเยอรมัน),0.5 ml.,Amphule,"MERCK SHARP & DOHME, U.S.A."
713,(ไม่ได้ตั้ง),หญ้าดอกขาว,ชาชงสมุนไพรหญ้าดอกขาว,(ไม่ได้ตั้ง),1 ห่อ,โรงงานเภสัชกรรมทหาร
714,715306,HydralazineHCL,CESOLINE W,25 mg.,เม็ด,ฟาร์มาสันต์แล็บบอราตอรี่ส์
715,715306,HydralazineHCL,CESOLINE W,25 mg.,เม็ด,ฟาร์มาสันต์แล็บบอราตอรี่ส์
716,104190,MISOPROSTOL200MCG,CYTOTEC,200 mcg.,เม็ด,"PIRAMAL HEALTHCARE, U.K."
717,104190,MISOPROSTOL200MCG,CYTOTEC,200 mcg.,เม็ด,"PIRAMAL HEALTHCARE, U.K."
718,695680,efavirenz,STOCRIN,50 mg.,เม็ด,DUPONT PHARMACEUTICALS U.S.A.
719,695680,efavirenz,STOCRIN,50 mg.,เม็ด,DUPONT PHARMACEUTICALS U.S.A.
720,659017,lastavir,LASTAVIR,150+30 mg.,เม็ด,องค์การเภสัชกรรม
721,659017,lastavir,LASTAVIR,150+30 mg.,เม็ด,องค์การเภสัชกรรม
722,115611,FENOFIBRATE,LEXEMIN 300,300 mg.,เม็ด,ยูนีซัน
723,115611,FENOFIBRATE,LEXEMIN 300,300 mg.,เม็ด,ยูนีซัน
724,274393,Doxazosin mesylate,CAZOSIN,2 mg.,เม็ด,มิลลิเมด
725,274393,Doxazosin mesylate,CAZOSIN,2 mg.,เม็ด,มิลลิเมด
726,800133,ethyl alcohol,RUBBING ALCOHOL 70%,70 mL/100 mL,450 mL bottle,องค์การเภสัชกรรม
727,672997,DTP-HBw,"DIPHTHERIA, TETANUS, PERTUSSIS AND HEPATITIS B VACCINE ADSORBED",DTP-HBw,Amphule,"SERUM INSTITUTE, INDIA"
728,672997,DTP-HBw,"DIPHTHERIA, TETANUS, PERTUSSIS AND HEPATITIS B VACCINE ADSORBED",DTP-HBw,Amphule,"SERUM INSTITUTE, INDIA"
729,672997,"diphtheria toxoid + hepatitis B + pertussis toxoid, whole cell + tetanus toxoid","DIPHTHERIA, TETANUS, PERTUSSIS AND HEPATITIS B VACCINE ADSORBED",25 Lf/500 mcL + 10 mcg/500 mcL + 4 iu/500 mcL + 5 Lf/500 mcL,0.5 mL ampoule,"SERUM INSTITUTE, INDIA"
730,681329,Etonogestrel implant,IMPLANON,68 mg,หลอด,N.V. ORGANON
731,681329,Etonogestrel implant,IMPLANON,68 mg,หลอด,N.V. ORGANON
732,681329,Etonogestrel implant,IMPLANON,68 mg,หลอด,N.V. ORGANON
733,737414,Ferrous+Iodine+Foic acid,TRIFERDINE,60.81+0.15+0.4,ขวด,องค์การเภสัชกรรม
734,737414,Ferrous+Iodine+Foic acid,TRIFERDINE,60.81+0.15+0.4,ขวด,องค์การเภสัชกรรม
735,737414,ferrous fumarate + folic acid + potassium iodide,TRIFERDINE,185 mg + 400 mcg + 196 mcg,1 tablet,องค์การเภสัชกรรม
736,658343,isophane insulin,HUMULIN N,100 iu/1 mL,10 mL vial,"LILLY PHARMA, GERMANY"
737,663569,isophane insulin,INSUGEN-N,100 iu/1 mL,10 mL vial,"BIOCON, INDIA"
738,762927,JAPANESE ENCEPHALITIS 0.5 ML INJ . . N,J.E.(BEIJING)-GPO 0.5 ml vial(2 pediatric doses) วัคซีนป้องกันโรคไข้สมองอักเสบเจอีสายพันธุ์เบจิ้ง,0.5 ml.,Amphule,องค์การเภสัชกรรม
739,762927,JAPANESE ENCEPHALITIS 0.5 ML INJ . . N,J.E.(BEIJING)-GPO 0.5 ml vial(2 pediatric doses) วัคซีนป้องกันโรคไข้สมองอักเสบเจอีสายพันธุ์เบจิ้ง,0.5 ml.,Amphule,องค์การเภสัชกรรม
740,762927,"japanese encephalitis virus, inactivated",J.E. BEIJING-GPO,(ไม่ได้ตั้ง),500 mcL vial,องค์การเภสัชกรรม
741,670553,KY JELLY 50 GM,Q-C LUBRICATING JELLY,50 g.,หลอด,ที.โอ. เคมีคอลส์
742,670553,KY JELLY 50 GM,Q-C LUBRICATING JELLY,50 g.,หลอด,ที.โอ. เคมีคอลส์
743,411270,Northisterone 5 mg,PINRONE,5 mg,เม็ด,"UNICURE REMEDIES, INDIA"
744,411270,Northisterone 5 mg,PINRONE,5 mg,เม็ด,"UNICURE REMEDIES, INDIA"
745,411270,norethisterone,PINRONE,5 mg,1 tablet,"UNICURE REMEDIES, INDIA"
746,411270,norethisterone,PINRONE,5 mg,1 tablet,"UNICURE REMEDIES, INDIA"
747,801514,NSS 0.9%,NSS (NORMAL SALINE SOLUTION) (GLASS) 500 ML,0.9% %,ขวด,"BAXTER HEALTHCARE PHILS, PHILIPPINES"
748,801514,NSS 0.9%,NSS (NORMAL SALINE SOLUTION) (GLASS) 500 ML,0.9% %,ขวด,"BAXTER HEALTHCARE PHILS, PHILIPPINES"
749,801514,sodium chloride,0.9% SODIUM CHLORIDE,900 mg/100 mL,500 mL bag,"BAXTER HEALTHCARE PHILS, PHILIPPINES"
750,274703,PARACETAMOL 325 mg,CEEMOL,325 mg,เม็ด,ฟาร์มาสันต์แล็บบอราตอรี่ส์
751,274703,PARACETAMOL 325 mg,CEEMOL,325 mg,เม็ด,ฟาร์มาสันต์แล็บบอราตอรี่ส์
752,274703,PARACETAMOL 325 mg,CEEMOL,325 mg,เม็ด,ฟาร์มาสันต์แล็บบอราตอรี่ส์
753,629243,PARACETAMOL syr 120mg/5ml,NEWTAMOL ORAL SUSPENSION,120mg/5ml,ขวด,นิวไลฟ์ฟาร์ม่า
754,629243,PARACETAMOL syr 120mg/5ml,NEWTAMOL ORAL SUSPENSION,120mg/5ml,ขวด,นิวไลฟ์ฟาร์ม่า
755,629243,paracetamol,NEWTAMOL,120 mg/5 mL,60 mL bottle,นิวไลฟ์ฟาร์ม่า
756,515711,POLYTAR,POLYTAR LIQUID,POLYTAR,ขวด,STIEFEL LABORATORIES (PTE) LTD
757,515711,POLYTAR,POLYTAR LIQUID,POLYTAR,ขวด,STIEFEL LABORATORIES (PTE) LTD
758,515711,polytar,POLYTAR,1 g/100 g,150 mL bottle,"STIEFEL LABORATORIES, SINGAPORE"
759,741263,tetanus immunoglobulin of human origin,TETANUS GAMMA,250 iu/1 mL,2 mL prefilled syr,"KEDRION, ITALY"
760,673120,Tetanus toxoid INJ 0.5 ml,TETANUS TOXOID VACCINE ADSORBED,0.5 ml,Amphule,SERUM INSTITUTE OF INDIA LTD.
761,673120,Tetanus toxoid INJ 0.5 ml,TETANUS TOXOID VACCINE ADSORBED,0.5 ml,Amphule,SERUM INSTITUTE OF INDIA LTD.
762,769977,เซรุ่มแก้พิษงูกะปะ,MALAYAN PIT VIPER ANTIVENIN (PURIFIED),เซรุ่มแก้พิษงูก,Amphule,สถานเสาวภา สภากาชาดไทย
763,769977,เซรุ่มแก้พิษงูกะปะ,MALAYAN PIT VIPER ANTIVENIN (PURIFIED),เซรุ่มแก้พิษงูก,Amphule,สถานเสาวภา สภากาชาดไทย
764,769977,crude plasma protein with malayan pit viper antivenin,MALAYAN PIT VIPER ANTIVENIN (PURIFIED),1.6 mg/1 mL,1 mL vial,สถานเสาวภา สภากาชาดไทย
765,769908,เซรุ่มแก้พิษงูเห่า,KING COBRA ANTIVENIN (PURIFIED),เซรุ่มแก้พิษงูเ,Amphule,สถานเสาวภา สภากาชาดไทย
766,769908,เซรุ่มแก้พิษงูเห่า,KING COBRA ANTIVENIN (PURIFIED),เซรุ่มแก้พิษงูเ,Amphule,สถานเสาวภา สภากาชาดไทย
767,769908,crude plasma protein with king cobra antivenin,KING COBRA ANTIVENIN (PURIFIED),0.8 mg/1 mL,1 mL vial,สถานเสาวภา สภากาชาดไทย
768,111471,enalapril,ANAPRIL 5,5 mg.,tab,เบอร์ลินฟาร์มาซูติคอลอินดัสตรี้
769,111471,enalapril,ANAPRIL 5,5 mg.,tab,เบอร์ลินฟาร์มาซูติคอลอินดัสตรี้
770,111471,enalapril,ANAPRIL 5,5 mg.,tab,เบอร์ลินฟาร์มาซูติคอลอินดัสตรี้
771,105322,omeprazole,OCID,40 mg,vial,"CADILA HEALTHCARE, INDIA"
772,764013,hydralazine hydrochloride,APRESOLINE,20 mg/1 mL,1 mL ampoule,"NOVARTIS PHARMA, SWITZERLAND"
773,730815,modified fluid gelatin,GELOFUSINE,(ไม่ได้ตั้ง),500 mL bottle,"B. BRAUN MEDICAL INDUSTRIES, MALAYSIA"
774,658842,lamivudine,LAMIVIR,10 mg/1 mL,60 mL bottle,องค์การเภสัชกรรม
775,837979,ferrous sulfate + thiamine,FERRO-BC,100 mg/5 mL + 1.5 mg/5 mL,60 mL bottle,เภสัชกรรม เค.บี.
776,770464,nicardipine,CARDEPINE,2 mg/2 mL,.,"AMHERST PARENTERALS, PHILIPPINES"
777,770464,nicardipine,CARDEPINE,2 mg/2 mL,amphule,"AMHERST PARENTERALS, PHILIPPINES"
778,731169,sodium chloride,SODIUM CHLORIDE 3%,3 g/100 mL,bott,เยเนอรัล ฮอสปิตัล โปรดัคส์ (มหาชน)
779,731169,sodium chloride,SODIUM CHLORIDE 3%,3 g/100 mL,bott,เยเนอรัล ฮอสปิตัล โปรดัคส์ (มหาชน)
780,737962,lithium carbonate,LITHIUM,300 mg,.,โปลิฟาร์ม
781,737962,lithium carbonate,LITHIUM,300 mg,เม็ด,โปลิฟาร์ม
782,737293,sertraline,SERTRALINE GPO,50 mg,.,องค์การเภสัชกรรม
783,737293,sertraline,SERTRALINE GPO,50 mg,เม็ด,องค์การเภสัชกรรม
784,816793,trazodone,TRAZODONE 50,50 mg,50 mg/tab,ฟาร์มาสันต์แล็บบอราตอรี่ส์
785,816793,trazodone,TRAZODONE 50,50 mg,เม็ด,ฟาร์มาสันต์แล็บบอราตอรี่ส์
786,414924,clonazepam,POVANIL 0.5,500 mcg,.,ฟาร์มาสันต์แล็บบอราตอรี่ส์
787,414924,clonazepam,POVANIL 0.5,500 mcg,500 tab,ฟาร์มาสันต์แล็บบอราตอรี่ส์
788,414687,perphenazine,PORAZINE 4,4 mg,4 mg/tab,ฟาร์มาสันต์แล็บบอราตอรี่ส์
789,414687,perphenazine,PORAZINE 4,4 mg,เม็ด,ฟาร์มาสันต์แล็บบอราตอรี่ส์
790,459215,methimazole,TIMAZOL,5 mg,.,เภสัชกรรมศรีประสิทธิ์
791,459215,methimazole,TIMAZOL,5 mg,เม็ด,เภสัชกรรมศรีประสิทธิ์
792,742796,senna glycosides,SENOLAX,7.5 mg,.,เภสัชกรรมศรีประสิทธิ์
793,742796,senna glycosides,SENOLAX,7.5 mg,เม็ด,เภสัชกรรมศรีประสิทธิ์
794,602093,cetirizine,ZYRRIZIN,5 mg/5 mL,bott,นิวไลฟ์ฟาร์ม่า
795,602093,cetirizine,ZYRRIZIN,5 mg/5 mL,amphule,นิวไลฟ์ฟาร์ม่า
796,823005,fenoterol + ipratropium bromide,AEROBIDOL INHALER,50 mcg/1 dose + 20 mcg/1 dose,.,อินแพคฟาร์มา
797,644649,valproate sodium,DEPAKINE CHRONO,500 mg,.,"SANOFI WINTHROP, FRANCE"
798,737238,risperidone,RISPERIDONE GPO,1 mg,.,องค์การเภสัชกรรม
799,414948,clonazepam,POVANIL 2,2 mg,.,ฟาร์มาสันต์แล็บบอราตอรี่ส์
800,412730,chlorpromazine,POGETOL 25,25 mg,.,ฟาร์มาสันต์แล็บบอราตอรี่ส์
801,657805,insulin human + isophane insulin,GENSULIN M30,30 iu/1 mL + 70 iu/1 mL,.,"BIOTON, POLAND"
802,993004,insulin human + isophane insulin,WINSULIN-30/70,30 iu/1 mL + 70 iu/1 mL,3 mL cartridge,"WOCKHARDT, INDIA"
803,787399,tolperisone,MYOXAN,50 mg,เม็ด,ที.โอ. ฟาร์ม่า
804,852152,morphine,MORPHINE,10 mg,1 mL ampoule,องค์การเภสัชกรรม
805,852152,morphine,MORPHINE,10 mg,1 mL ampoule,องค์การเภสัชกรรม
806,852152,morphine,MORPHINE,10 mg,1 mL ampoule,องค์การเภสัชกรรม
807,737433,trifluoperazine,TRIFLAZINE,5 mg,เม็ด,องค์การเภสัชกรรม
808,958726,losartan potassium,LANZAAR 100,100 mg,เม็ด,เบอร์ลินฟาร์มาซูติคอลอินดัสตรี้
809,958726,losartan potassium,LANZAAR 100,100 mg,เม็ด,เบอร์ลินฟาร์มาซูติคอลอินดัสตรี้
810,816633,fluticasone + salmeterol,SEROFLO 125 (INHALER CFC FREE),125 mcg/1 dose + 25 mcg/1 dose,หลอด,"CIPLA, INDIA"
811,828427,drotaverine,TOVERINE,40 mg,เม็ด,ที.โอ. เคมีคอลส์
812,736949,amitriptyline,AMITRIPTYLINE HYDROCHLORIDE GPO,10 mg,เม็ด,องค์การเภสัชกรรม
813,736965,amitriptyline,AMITRIPTYLINE HYDROCHLORIDE GPO,25 mg,เม็ด,องค์การเภสัชกรรม
814,(ไม่ได้ตั้ง),ขิงแคปซูล,ยาแคปซูลขิง,(ไม่ได้ตั้ง),1 แคปซูล,ไทยเอฟดีจำกัด
815,(ไม่ได้ตั้ง),ใบพิมเสน+ใบผักกระโฉม+etc.,ยาเขียวหอมทีเอฟดี,(ไม่ได้ตั้ง),1 เม็ด,ไทยเอฟดี
816,(ไม่ได้ตั้ง),พริกไทยดำ+เหงือกปลาหมอ+etc.,ยาปราบชมพูทวีป,(ไม่ได้ตั้ง),1 แคปซูล,ไทยเอฟดีจำกัด
817,(ไม่ได้ตั้ง),ไพล+ผิวมะกรูด+etc.,ยาแคปซูลประสะไพล,(ไม่ได้ตั้ง),1 แคปซูล,ไทยเอฟดีจำกัด
818,(ไม่ได้ตั้ง),ดอกดีปลี+รากช้าพลู+etc.,ยาแคปซูลเบญจกูลทีเอฟดี,(ไม่ได้ตั้ง),1 แคปซูล,ไทยเอฟดีจำกัด
819,(ไม่ได้ตั้ง),กฤษณา+ฝาง+etc.,ยาแคปซูลบำรุงโลหิต,(ไม่ได้ตั้ง),1 แคปซูล,ไทยเอฟดีจำกัด
820,(ไม่ได้ตั้ง),แก่นจันทร์แดง+โกฐสอ+etc.,ยาลีลาชนิดเม็ด,(ไม่ได้ตั้ง),1 เม็ด,ไทยเอฟดีจำกัด
821,(ไม่ได้ตั้ง),สารสกัดจากใบบัวบก,เซนเทลล่าครีม,(ไม่ได้ตั้ง),1 หลอด,ผลิตภัณฑ์สมุนไพรไทยจำกัด
822,(ไม่ได้ตั้ง),มะขามป้อม+สมอไทย+สมอภิเภก,ตรีผลา,(ไม่ได้ตั้ง),1 ห่อ,ห้างธงทองโอสถ
823,(ไม่ได้ตั้ง),เถาวัลย์เปรียง,เถาวัลย์เปรียง ตรงธงทอง,(ไม่ได้ตั้ง),1 แคปซูล,ห้างธงทองโอสถ
824,(ไม่ได้ตั้ง),พริกไทยอ่อน+สมอไทย+etc.,ยาแคปซูลธรณีสันธะฆาต,(ไม่ได้ตั้ง),1 แคปซูล,ห้างธงทองโอสถ
825,(ไม่ได้ตั้ง),ขิง+การบูร+etc.,ยาแคปซูลธาตุบรรจบ,(ไม่ได้ตั้ง),1 แคปซูล,ห้างธงทองโอสถ
826,(ไม่ได้ตั้ง),เปลือกอบเชยเทศ+ลูกกระวาน+etc.,ยาธาตุผสมอบเชย,(ไม่ได้ตั้ง),1 ขวด,ห้างธงทองโอสถ
827,(ไม่ได้ตั้ง),เพชรสังฆาต,เพชรสังฆาต ตราธงทอง,(ไม่ได้ตั้ง),1 แคปซูล,ห้างธงทองโอสถ
828,(ไม่ได้ตั้ง),มะระขี้นก,ยาแคปซุลมะระขี้นก,(ไม่ได้ตั้ง),1 แคปซูล,ไทยเอฟดีจำกัด
829,(ไม่ได้ตั้ง),ตะไคร้บ้าน+ขิงแห้ง+etc.,ยาแคปซูลเลือดงามตราธงทอง,(ไม่ได้ตั้ง),1 แคปซูล,ห้างธงทองโอสถ
830,(ไม่ได้ตั้ง),พริกไทยล่อน+เนื้อลูกสมอไทย+etc.,ยาสหัศธาราทีเอฟดี,(ไม่ได้ตั้ง),1 แคปซูล,ไทยเอฟดีจำกัด
831,(ไม่ได้ตั้ง),หญ้าหนวดแมว,หญ้าหนวดแมว,(ไม่ได้ตั้ง),1 ห่อ,ห้างธงทองโอสถ
832,(ไม่ได้ตั้ง),ดอกพิกุล+ดอกบุนนาค+etc.,ยาหอมเทพจิตรตราธงทอง,(ไม่ได้ตั้ง),1 ซอง,ห้างธงทองโอสถ
833,(ไม่ได้ตั้ง),เทียนทั้ง 9+เกสรดอกไม้,ยาหอมนวโกฐ ตราโพธิ์ทอง,(ไม่ได้ตั้ง),1 เม็ด,ห้างธงทองโอสถ
834,(ไม่ได้ตั้ง),รากย่านาง+รากคนทา+etc.,ยาแคปซูลสมุนไพรห้าราก,(ไม่ได้ตั้ง),1 แคปซูล,ห้างธงทองโอสถ
835,(ไม่ได้ตั้ง),ดีปลี+ชันย้อย+etc.,ยาเหลืองปิดสมุทร,1,1 เม็ด,ห้างธงทองโอสถ
836,785549,haloperidol decanoate,HALODEC,50 mg/1 mL,1 mL ampoule,โมเดอร์นแมนู
837,657275,diethylcarbamazine citrate,FILADEC,300 mg,เม็ด,พอนด์เคมีคอล
838,108354,warfarin sodium,MAFORAN,5 mg,เม็ด,เภสัชกรรมศรีประสิทธิ์
839,664297,adenosine,ADENOCOR,6 mg/2 mL,1 แอมป์,"SANOFI-AVENTIS, SPAIN"
840,582261,albendazole,ALBENDAZOLE,100 mg/5 mL,20 mL bottle,องค์การเภสัชกรรม
841,336848,gliclazide,GLUCOCRON,80 mg,เม็ด,บางกอกแล็ป แอนด์ คอสเมติค
842,412635,metformin hydrochloride,POCOPHAGE 850,850 mg,เม็ด,ฟาร์มาสันต์แล็บบอราตอรี่ส์
843,272288,carvedilol,CARATEN 12.5,12.5 mg,เม็ด,เบอร์ลินฟาร์มาซูติคอลอินดัสตรี้
844,520544,hydrocortisone,HYDROCORTISONE SODIUM SUCCINATE,100 mg,vial,"TROIKAA PHARMACEUTICALS, INDIA"
845,741990,imipramine hydrochloride,MINAPINE,25 mg,เม็ด,สหแพทย์เภสัช
846,825486,iodine,IODINE GPO,150 mcg,เม็ด,องค์การเภสัชกรรม
847,529878,fenoterol hydrobromide + ipratropium bromide,INHALEX FORTE,31.25 mg/100 mL + 12.5 mg/100 mL,4 mL unit dose,สีลมการแพทย์
848,527750,salbutamol,SULBUTA-N,500 mg/100 mL,20 mL bottle,แอล.บี.เอส. แลบบอเรตอรี่
849,767705,povidone iodine,IPODINE,10 g/100 mL,450 mL bottle,องค์การเภสัชกรรม
850,567966,measle + rubella,RUDI-ROUVAX,1000 tcid50/0.5 mL + 1000 tcid50/0.5 mL,500 mcL vial,"AVENTIS PASTEUR, FRANCE"
851,881698,benzoic acid + salicylic acid,WHITFIELD'S OINTMENT,6 g/100 g + 3 g/100 g,15 g tube,องค์การเภสัชกรรม
852,886931,glucose + sodium chloride,D-5-N/2 500 ML,25 g + 2.25 g,500 mL bottle,"FRESENIUS KABI BIDIPHAR, VIETNAM"
853,964299,"poliomyelitis, inactived type 1 (vero cell) + poliomyelitis, inactived type 2 (vero cell) + poliomyelitis, inactived type 3 (vero cell)",IMOVAX POLIO,40 D antigen unit/0.5 mL + 8 D antigen unit/0.5 mL + 32 D antigen unit/0.5 mL,0.5 mL vial,"SANOFI PASTEUR, FRANCE"
854,567731,mannitol,MANNITOL 20% A.N.B.,20 g/100 mL,250 mL bag,เอ.เอ็น.บี. ลาบอราตอรี่
855,107595,streptokinase,STREPTASE,1.5 MU,amphule,"CSL BEHRING, GERMANY"
856,798899,sodium chloride,0.45% SODIUM CHLORIDE,450 mg/100 mL,500 mL bag,ไทยนครพัฒนา
857,846179,"diphtheria toxoid + hepatitis B virus vaccine + pertussis, inactived + tetanus toxoid",DTP-HB 10 (COMBINATION VACCINE),20 Lf/0.5 mL + 10 mcg/0.5 mL + 12 OU/0.5 mL + 7.5 Lf/0.5 mL,5 mL vial,"PT. BIO FARMA, INDONESIA"
858,277186,cefalexin,CEPHALEXIN,250 mg,เม็ด,บางกอกแล็ป แอนด์ คอสเมติค
859,459960,cefalexin,TOFLEX 250,250 mg,เม็ด,ที.โอ. เคมีคอลส์
860,531506,ammonium carbonate + camphorated opium tincture + senega tincture + squill tincture,MIST. SCILL. AMMON,100 mg/5 mL + 670 mcL/5 mL + 600 mcL/5 mL + 170 mcL/5 mL,180 mL bottle,องค์การเภสัชกรรม
861,(ไม่ได้ตั้ง),รางจืด,รางจืด,(ไม่ได้ตั้ง),รางจืด,ห้างธงทองโอสถ
862,485509,dibasic sodium phosphate + monobasic sodium phosphate,UNI-MA,7 g/118 mL + 19 g/118 mL,133 mL bottle,ยูนีซัน
863,741649,"diphtheria toxoid + pertussis toxoid, inactivated bordetella + tetanus toxoid",DTP VACCINE,20 Lf/0.5 mL + 12 iu/0.5 mL + 7.5 Lf/0.5 mL,5 mL vial,"PT. BIO FARMA, INDONESIA"
864,800133,ethyl alcohol,RUBBING ALCOHOL 70%,70 mL/100 mL,450 mL bottle,องค์การเภสัชกรรม
865,770924,hydrogen peroxide,HYDROGEN PEROXIDE SOLUTION,6 g/100 mL,450 mL bottle,องค์การเภสัชกรรม
866,259358,bromhexine hydrochloride,BEE-VON,8 mg,tab,เอช.เค. ฟาร์มาซูติคอล
867,670569,rabies vaccine (vero cell),SPEEDA,2.5 iu,0.2ml.,"LIAONING CHENGDA BIOTECHNOLOGY, CHINA"
868,670569,rabies vaccine (vero cell),SPEEDA,2.5 iu,0.2ml.,"LIAONING CHENGDA BIOTECHNOLOGY, CHINA"
869,670569,rabies vaccine (vero cell),SPEEDA,2.5 iu,0.2ml.,"LIAONING CHENGDA BIOTECHNOLOGY, CHINA"
870,670569,rabies vaccine (vero cell),SPEEDA,2.5 iu,0.2ml,"LIAONING CHENGDA BIOTECHNOLOGY, CHINA"
871,670576,rabies vaccine (vero cell),SPEEDA,2.5 iu,1 vial,"LIAONING CHENGDA BIOTECHNOLOGY, CHINA"
872,670576,rabies vaccine (vero cell),SPEEDA,2.5 iu,1 vial,"LIAONING CHENGDA BIOTECHNOLOGY, CHINA"
873,670576,rabies vaccine (vero cell),SPEEDA,2.5 iu,1 vial,"LIAONING CHENGDA BIOTECHNOLOGY, CHINA"
874,670576,rabies vaccine (vero cell),SPEEDA,2.5 iu,1vial,"LIAONING CHENGDA BIOTECHNOLOGY, CHINA"
875,670576,rabies vaccine (vero cell),SPEEDA,2.5 iu,1 vial,"LIAONING CHENGDA BIOTECHNOLOGY, CHINA"
876,670569,rabies vaccine (vero cell),SPEEDA,2.5 iu,0.1ml.,"LIAONING CHENGDA BIOTECHNOLOGY, CHINA"
877,670569,rabies vaccine (vero cell),SPEEDA,2.5 iu,0.1ml.,"LIAONING CHENGDA BIOTECHNOLOGY, CHINA"
878,670569,rabies vaccine (vero cell),SPEEDA,2.5 iu,0.1ml.,"LIAONING CHENGDA BIOTECHNOLOGY, CHINA"
879,670569,rabies vaccine (vero cell),SPEEDA,2.5 iu,0.1ml.,"LIAONING CHENGDA BIOTECHNOLOGY, CHINA"
880,670569,rabies vaccine (vero cell),SPEEDA,2.5 iu,0.1ml.,"LIAONING CHENGDA BIOTECHNOLOGY, CHINA"
881,372467,pyridoxine hydrochloride,MEGA-B,50 mg,tab,เจริญเภสัชแล็บ
882,844827,vero rabies vaccine,vero rabies vaccine,(ไม่ได้ตั้ง),2.5 iu,องค์การเภสัชกรรม-เมอร์ริเออร์ชีววัตถุ
883,844827,vero rabies vaccine,vero rabies vaccine,(ไม่ได้ตั้ง),2.5 iu,องค์การเภสัชกรรม-เมอร์ริเออร์ชีววัตถุ
884,108185,warfarin sodium,MAFORAN,3 mg,tab,เภสัชกรรมศรีประสิทธิ์
885,881549,calcium chloride + potassium chloride + sodium chloride + sodium lactate,LACTATED RINGER'S U.S.P.,20 mg/100 mL + 30 mg/100 mL + 600 mg/100 mL + 310 mg/100 mL,1 L bag,ไทยโอซูก้า
886,765108,efavirenz + emtricitabine + tenofovir disoproxil fumarate,TEEVIR,600 mg + 200 mg + 300 mg,tab,"MYLAN LABORATORIES, INDIA"
887,668494,dT vaccine (dose2),DIPHTHERIA-TETANUS VACCINE ADSORBED,(ไม่ได้ตั้ง),0.5 ml,"PT. BIO FARMA, INDONESIA"
888,668494,dT vaccine (booster),DIPHTHERIA-TETANUS VACCINE ADSORBED,(ไม่ได้ตั้ง),0.5ml,"PT. BIO FARMA, INDONESIA"
889,668494,dT vaccine (dose3),DIPHTHERIA-TETANUS VACCINE ADSORBED,(ไม่ได้ตั้ง),0.5 ml,"PT. BIO FARMA, INDONESIA"
890,572256,norepinephrine,NORPIN,4 mg/4 mL,4 mL ampoule,"DALIM BIOTECH, KOREA"
891,256428,azithromycin,AZYCIN,250 mg,cap,องค์การเภสัชกรรม
892,574862,phenytoin sodium,DITOIN,250 mg/5 mL,5 mL vial,แอตแลนติค
893,511012,miconazole,MICONAZOLE,2 g/100 g,5 g tube,องค์การเภสัชกรรม
894,869046,chlorphenamine maleate,CHLORPHENIRAMINE MALEATE,2 mg,tab,โอสถอินเตอร์ แลบบอราทอรีส์
895,561058,"diphtheria toxoid + pertussis vaccine, acellular + tetanus toxoid",ADACEL,21 iu/0.5 mL + 2.5 mcg/0.5 mL + 20 iu/0.5 mL,0.5 mL vial,"SANOFI PASTEUR, CANADA"
896,(ไม่ได้ตั้ง),การบูร ใบสะเดา หัสคุณเทศ สมุลแว้ง เทียนดำ โกฐกระดูก ลูกจันทร์ บุญนาค พริกไทย ขิงแห้ง ดีปลี ใบกัญชา,ศุขไสยาศน์,(ไม่ได้ตั้ง),ซอง,รพ.พระอาจารย์ปั้น อาจาโร
897,(ไม่ได้ตั้ง),ลูกจันทร์ กระวาน กานพลู เกลือสินเธาว์ ดีปลี ว่านน้ำ โกฐสอ โกฐเขมา เที่ยนดำ เทียนแดง เทียนขาว กัญชา,ทำลายพระสุเมรุ,(ไม่ได้ตั้ง),ซอง,รพ.พระอาจาย์ปั้น อาจาโร
898,545560,cefoperazone + sulbactam,SULPERAZON,500 mg + 500 mg,vial,"PFIZER, JAPAN"
899,663548,insulin human + isophane insulin,INSUGEN-30/70,30 iu/1 mL + 70 iu/1 mL,10 mL vial,"BIOCON, INDIA"
900,663569,isophane insulin,INSUGEN-N,100 iu/1 mL,10 mL vial,"BIOCON, INDIA"
901,663582,insulin human,INSUGEN-R,100 iu/1 mL,10 mL vial,"BIOCON, INDIA"
902,742834,montelukast,ASTAIR,10 mg,เม็ด,เภสัชกรรมศรีประสิทธิ์
903,110811,nifedipine,NELAPINE 20 SR,20 mg,เม็ด,เบอร์ลินฟาร์มาซูติคอลอินดัสตรี้
904,666712,gabapentin,GABAPENTIN,100 mg,capsule,องค์การเภสัชกรรม
905,690172,fluticasone propionate + salmeterol,SERETIDE ACCUHALER,250 mcg/1 dose + 50 mcg/1 dose,60 dose inhalation,"GLAXOSMITHKLINE, U.S.A."
906,800547,budesonide + formoterol fumarate dihydrate,SYMBICORT TURBUHALER,160 mcg/1 dose + 4.5 mcg/1 dose,60 dose inhalation,"ASTRAZENECA, SWEDEN"
907,800547,budesonide + formoterol fumarate dihydrate,SYMBICORT TURBUHALER,160 mcg/1 dose + 4.5 mcg/1 dose,60 dose inhalation,"ASTRAZENECA, SWEDEN"
908,650039,tiotropium,SPIRIVA,18 mcg,เม็ด,"BOEHRINGER INGELHEIM PHARMA, GERMANY"
909,475327,thiamine,VITAMIN B1,100 mg,เม็ด,เอช.เค. ฟาร์มาซูติคอล
910,780977,calciferol,CALCIFEROL,20000 unit,แคปซูล,อังกฤษตรางู
911,477190,benserazide + levodopa,VOPAR 250,50 mg + 200 mg,tab,ยูนีซัน
912,666984,lercanidipine hydrochloride,LERCADIP,20 mg,เม็ด,"RECORDATI, ITALY"
913,246824,lorazepam,ANTA 2.0,2 mg,เม็ด,ฟาร์มาสันต์แล็บบอราตอรี่ส์
914,652067,alfuzosin hydrochloride,XATRAL XL,10 mg,เม็ด,"SANOFI WINTHROP, FRANCE"
915,574862,phenytoin sodium,DITOIN,250 mg/5 mL,5 mL vial,แอตแลนติค
916,(ไม่ได้ตั้ง),ยาที่ใช้ใน รพ. และนำกลับบ้าน ส่วนที่เบิกไม่ได้,ยาที่ใช้ใน รพ. และนำกลับบ้าน ส่วนที่เบิกไม่ได้,(ไม่ได้ตั้ง),XXXX3,NHSO
